mc	mn	quarterbeats	quarterbeats_all_endings	duration_qb	mc_onset	mn_onset	event	timesig	staff	voice	duration	nominal_duration	scalar	chord_id	lyrics_1	dynamics	staff_text	tempo	qpm	tempo_visible	thoroughbass_duration	thoroughbass_level_1	thoroughbass_level_2	slur
1	1	0	0	0.0	0	0	Tempo	4/4	1	1	0							Andante	92.0	1.0				
1	1	0	0	0.0	0	0	Dynamic	4/4	4	1	0					f								
1	1	0	0	2.0	0	0	Chord	4/4	4	1	1/2	1/2	1	0	Cru-									
1	1	2	2	2.0	1/2	1/2	Chord	4/4	4	1	1/2	1/2	1	1	-ci-									
1	1	0	0	0.0	0	0	FiguredBass	4/4	5	1	0										1/2	1		
1	1	0	0	0.0	0	0	Dynamic	4/4	5	1	0					f								
1	1	0	0	2.0	0	0	Chord	4/4	5	1	1/2	1/2	1	2										
1	1	2	2	0.0	1/2	1/2	FiguredBass	4/4	5	1	0										1/2	1		
1	1	2	2	2.0	1/2	1/2	Chord	4/4	5	1	1/2	1/2	1	3										
2	2	4	4	2.0	0	0	Chord	4/4	4	1	1/2	1/2	1	4	-fi-									0
2	2	6	6	2.0	1/2	1/2	Chord	4/4	4	1	1/2	1/2	1	5										
2	2	4	4	0.0	0	0	FiguredBass	4/4	5	1	0										1/2	1		
2	2	4	4	2.0	0	0	Chord	4/4	5	1	1/2	1/2	1	6										
2	2	6	6	2.0	1/2	1/2	Chord	4/4	5	1	1/2	1/2	1	7										
3	3	8	8	0.0	0	0	Dynamic	4/4	3	1	0					f								
3	3	8	8	2.0	0	0	Chord	4/4	3	1	1/2	1/2	1	8	Cru-									
3	3	10	10	2.0	1/2	1/2	Chord	4/4	3	1	1/2	1/2	1	9	-ci-									
3	3	8	8	2.0	0	0	Chord	4/4	4	1	1/2	1/2	1	10	-xus									
3	3	10	10	0.75	1/2	1/2	Chord	4/4	4	1	3/16	1/8	3/2	11	e-									
3	3	43/4	43/4	0.25	11/16	11/16	Chord	4/4	4	1	1/16	1/16	1	12	-ti-									
3	3	11	11	0.5	3/4	3/4	Chord	4/4	4	1	1/8	1/8	1	13	-am									
3	3	23/2	23/2	0.5	7/8	7/8	Chord	4/4	4	1	1/8	1/8	1	14	pro									
3	3	8	8	2.0	0	0	Chord	4/4	5	1	1/2	1/2	1	15										
3	3	10	10	2.0	1/2	1/2	Chord	4/4	5	1	1/2	1/2	1	16										
3	3	8	8	2.0	0	0	Chord	4/4	5	2	1/2	1/2	1	17										
3	3	10	10	0.75	1/2	1/2	Chord	4/4	5	2	3/16	1/8	3/2	18										
3	3	43/4	43/4	0.25	11/16	11/16	Chord	4/4	5	2	1/16	1/16	1	19										
3	3	11	11	0.5	3/4	3/4	Chord	4/4	5	2	1/8	1/8	1	20										
3	3	23/2	23/2	0.5	7/8	7/8	Chord	4/4	5	2	1/8	1/8	1	21										
4	4	12	12	2.0	0	0	Chord	4/4	3	1	1/2	1/2	1	22	-fi-									1
4	4	14	14	2.0	1/2	1/2	Chord	4/4	3	1	1/2	1/2	1	23	---									
4	4	12	12	0.5	0	0	Chord	4/4	4	1	1/8	1/8	1	24	no-									
4	4	25/2	25/2	0.25	1/8	1/8	Chord	4/4	4	1	1/16	1/16	1	25										
4	4	51/4	51/4	0.25	3/16	3/16	Chord	4/4	4	1	1/16	1/16	1	26										
4	4	13	13	0.5	1/4	1/4	Chord	4/4	4	1	1/8	1/8	1	27										
4	4	27/2	27/2	0.5	3/8	3/8	Chord	4/4	4	1	1/8	1/8	1	28										
4	4	14	14	0.5	1/2	1/2	Chord	4/4	4	1	1/8	1/8	1	29										
4	4	29/2	29/2	0.25	5/8	5/8	Chord	4/4	4	1	1/16	1/16	1	30										
4	4	59/4	59/4	0.25	11/16	11/16	Chord	4/4	4	1	1/16	1/16	1	31										
4	4	15	15	0.5	3/4	3/4	Chord	4/4	4	1	1/8	1/8	1	32										
4	4	31/2	31/2	0.5	7/8	7/8	Chord	4/4	4	1	1/8	1/8	1	33										
4	4	12	12	2.0	0	0	Chord	4/4	5	1	1/2	1/2	1	34										
4	4	14	14	2.0	1/2	1/2	Chord	4/4	5	1	1/2	1/2	1	35										
4	4	12	12	0.5	0	0	Chord	4/4	5	2	1/8	1/8	1	36										
4	4	25/2	25/2	0.25	1/8	1/8	Chord	4/4	5	2	1/16	1/16	1	37										
4	4	51/4	51/4	0.25	3/16	3/16	Chord	4/4	5	2	1/16	1/16	1	38										
4	4	13	13	0.5	1/4	1/4	Chord	4/4	5	2	1/8	1/8	1	39										
4	4	27/2	27/2	0.5	3/8	3/8	Chord	4/4	5	2	1/8	1/8	1	40										
4	4	14	14	0.5	1/2	1/2	Chord	4/4	5	2	1/8	1/8	1	41										
4	4	29/2	29/2	0.25	5/8	5/8	Chord	4/4	5	2	1/16	1/16	1	42										
4	4	59/4	59/4	0.25	11/16	11/16	Chord	4/4	5	2	1/16	1/16	1	43										
4	4	15	15	0.5	3/4	3/4	Chord	4/4	5	2	1/8	1/8	1	44										
4	4	31/2	31/2	0.5	7/8	7/8	Chord	4/4	5	2	1/8	1/8	1	45										
5	5	18	18	0.0	1/2	1/2	Dynamic	4/4	2	1	0					f								
5	5	18	18	2.0	1/2	1/2	Chord	4/4	2	1	1/2	1/2	1	46	cru-									
5	5	16	16	2.0	0	0	Chord	4/4	3	1	1/2	1/2	1	47	-xus									
5	5	16	16	0.5	0	0	Chord	4/4	4	1	1/8	1/8	1	48										
5	5	33/2	33/2	0.25	1/8	1/8	Chord	4/4	4	1	1/16	1/16	1	49										
5	5	67/4	67/4	0.25	3/16	3/16	Chord	4/4	4	1	1/16	1/16	1	50										
5	5	17	17	0.5	1/4	1/4	Chord	4/4	4	1	1/8	1/8	1	51										
5	5	35/2	35/2	0.5	3/8	3/8	Chord	4/4	4	1	1/8	1/8	1	52										
5	5	18	18	0.5	1/2	1/2	Chord	4/4	4	1	1/8	1/8	1	53										
5	5	37/2	37/2	0.25	5/8	5/8	Chord	4/4	4	1	1/16	1/16	1	54										
5	5	75/4	75/4	0.25	11/16	11/16	Chord	4/4	4	1	1/16	1/16	1	55										
5	5	19	19	0.5	3/4	3/4	Chord	4/4	4	1	1/8	1/8	1	56										
5	5	39/2	39/2	0.5	7/8	7/8	Chord	4/4	4	1	1/8	1/8	1	57										
5	5	16	16	2.0	0	0	Chord	4/4	5	1	1/2	1/2	1	58										
5	5	17	17	0.0	1/4	1/4	FiguredBass	4/4	5	1	0										1/8	6		
5	5	35/2	35/2	0.0	3/8	3/8	FiguredBass	4/4	5	1	0										1/8	_		
5	5	18	18	0.0	1/2	1/2	FiguredBass	4/4	5	1	0										1/2	5_		
5	5	16	16	0.5	0	0	Chord	4/4	5	2	1/8	1/8	1	59										
5	5	33/2	33/2	0.25	1/8	1/8	Chord	4/4	5	2	1/16	1/16	1	60										
5	5	67/4	67/4	0.25	3/16	3/16	Chord	4/4	5	2	1/16	1/16	1	61										
5	5	17	17	0.5	1/4	1/4	Chord	4/4	5	2	1/8	1/8	1	62										
5	5	35/2	35/2	0.5	3/8	3/8	Chord	4/4	5	2	1/8	1/8	1	63										
5	5	18	18	0.5	1/2	1/2	Chord	4/4	5	2	1/8	1/8	1	64										
5	5	37/2	37/2	0.25	5/8	5/8	Chord	4/4	5	2	1/16	1/16	1	65										
5	5	75/4	75/4	0.25	11/16	11/16	Chord	4/4	5	2	1/16	1/16	1	66										
5	5	19	19	0.5	3/4	3/4	Chord	4/4	5	2	1/8	1/8	1	67										
5	5	39/2	39/2	0.5	7/8	7/8	Chord	4/4	5	2	1/8	1/8	1	68										
6	6	20	20	2.0	0	0	Chord	4/4	2	1	1/2	1/2	1	69	-ci-									
6	6	22	22	2.0	1/2	1/2	Chord	4/4	2	1	1/2	1/2	1	70	-fi-									2
6	6	20	20	0.75	0	0	Chord	4/4	3	1	3/16	1/8	3/2	71	e-									
6	6	83/4	83/4	0.25	3/16	3/16	Chord	4/4	3	1	1/16	1/16	1	72										
6	6	21	21	0.5	1/4	1/4	Chord	4/4	3	1	1/8	1/8	1	73	-tiam									
6	6	43/2	43/2	0.5	3/8	3/8	Chord	4/4	3	1	1/8	1/8	1	74	pro									
6	6	22	22	0.5	1/2	1/2	Chord	4/4	3	1	1/8	1/8	1	75	no-									
6	6	45/2	45/2	0.25	5/8	5/8	Chord	4/4	3	1	1/16	1/16	1	76										
6	6	91/4	91/4	0.25	11/16	11/16	Chord	4/4	3	1	1/16	1/16	1	77										
6	6	23	23	0.5	3/4	3/4	Chord	4/4	3	1	1/8	1/8	1	78										
6	6	47/2	47/2	0.5	7/8	7/8	Chord	4/4	3	1	1/8	1/8	1	79										
6	6	20	20	2.0	0	0	Chord	4/4	4	1	1/2	1/2	1	80										
6	6	22	22	1.0	1/2	1/2	Chord	4/4	4	1	1/4	1/4	1	81	-bis.									
6	6	20	20	0.0	0	0	FiguredBass	4/4	5	1	0										1/2	5		
6	6	20	20	2.0	0	0	Chord	4/4	5	1	1/2	1/2	1	82										
6	6	22	22	0.0	1/2	1/2	FiguredBass	4/4	5	1	0										1/4	#		
6	6	22	22	1.0	1/2	1/2	Chord	4/4	5	1	1/4	1/4	1	83										
6	6	23	23	0.5	3/4	3/4	Chord	4/4	5	1	1/8	1/8	1	84										
6	6	47/2	47/2	0.5	7/8	7/8	Chord	4/4	5	1	1/8	1/8	1	85										
7	7	26	26	0.0	1/2	1/2	Dynamic	4/4	1	1	0					f								
7	7	26	26	2.0	1/2	1/2	Chord	4/4	1	1	1/2	1/2	1	86	Cru-									
7	7	24	24	2.0	0	0	Chord	4/4	2	1	1/2	1/2	1	87										
7	7	26	26	2.0	1/2	1/2	Chord	4/4	2	1	1/2	1/2	1	88	-xus									
7	7	24	24	0.5	0	0	Chord	4/4	3	1	1/8	1/8	1	89										
7	7	49/2	49/2	0.25	1/8	1/8	Chord	4/4	3	1	1/16	1/16	1	90										
7	7	99/4	99/4	0.25	3/16	3/16	Chord	4/4	3	1	1/16	1/16	1	91										
7	7	25	25	0.5	1/4	1/4	Chord	4/4	3	1	1/8	1/8	1	92										
7	7	51/2	51/2	0.5	3/8	3/8	Chord	4/4	3	1	1/8	1/8	1	93										
7	7	26	26	1.0	1/2	1/2	Chord	4/4	3	1	1/4	1/4	1	94										
7	7	27	27	0.5	3/4	3/4	Chord	4/4	3	1	1/8	1/8	1	95										
7	7	55/2	55/2	0.5	7/8	7/8	Chord	4/4	3	1	1/8	1/8	1	96	---									
7	7	24	24	0.0	0	0	FiguredBass	4/4	5	1	0										1/8	5		
7	7	24	24	0.5	0	0	Chord	4/4	5	1	1/8	1/8	1	97										
7	7	49/2	49/2	0.25	1/8	1/8	Chord	4/4	5	1	1/16	1/16	1	98										
7	7	99/4	99/4	0.25	3/16	3/16	Chord	4/4	5	1	1/16	1/16	1	99										
7	7	25	25	0.0	1/4	1/4	FiguredBass	4/4	5	1	0										1/8	6		
7	7	25	25	0.5	1/4	1/4	Chord	4/4	5	1	1/8	1/8	1	100										
7	7	51/2	51/2	0.5	3/8	3/8	Chord	4/4	5	1	1/8	1/8	1	101										
7	7	26	26	0.0	1/2	1/2	FiguredBass	4/4	5	1	0										1/4	5	3	
7	7	26	26	1.0	1/2	1/2	Chord	4/4	5	1	1/4	1/4	1	102										
7	7	27	27	0.5	3/4	3/4	Chord	4/4	5	1	1/8	1/8	1	103										
7	7	55/2	55/2	0.5	7/8	7/8	Chord	4/4	5	1	1/8	1/8	1	104										
8	8	28	28	2.0	0	0	Chord	4/4	1	1	1/2	1/2	1	105	-ci									
8	8	30	30	2.0	1/2	1/2	Chord	4/4	1	1	1/2	1/2	1	106	fi									3
8	8	28	28	0.75	0	0	Chord	4/4	2	1	3/16	1/8	3/2	107	e-									
8	8	115/4	115/4	0.25	3/16	3/16	Chord	4/4	2	1	1/16	1/16	1	108										
8	8	29	29	0.5	1/4	1/4	Chord	4/4	2	1	1/8	1/8	1	109	-tiam									
8	8	59/2	59/2	0.5	3/8	3/8	Chord	4/4	2	1	1/8	1/8	1	110	pro									
8	8	30	30	0.5	1/2	1/2	Chord	4/4	2	1	1/8	1/8	1	111	no-									
8	8	61/2	61/2	0.25	5/8	5/8	Chord	4/4	2	1	1/16	1/16	1	112										
8	8	123/4	123/4	0.25	11/16	11/16	Chord	4/4	2	1	1/16	1/16	1	113										
8	8	31	31	0.5	3/4	3/4	Chord	4/4	2	1	1/8	1/8	1	114										
8	8	63/2	63/2	0.5	7/8	7/8	Chord	4/4	2	1	1/8	1/8	1	115										
8	8	28	28	0.5	0	0	Chord	4/4	3	1	1/8	1/8	1	116										
8	8	57/2	57/2	0.5	1/8	1/8	Chord	4/4	3	1	1/8	1/8	1	117										
8	8	29	29	0.25	1/4	1/4	Chord	4/4	3	1	1/16	1/16	1	118										
8	8	117/4	117/4	0.25	5/16	5/16	Chord	4/4	3	1	1/16	1/16	1	119										
8	8	59/2	59/2	0.25	3/8	3/8	Chord	4/4	3	1	1/16	1/16	1	120										
8	8	119/4	119/4	0.25	7/16	7/16	Chord	4/4	3	1	1/16	1/16	1	121										
8	8	30	30	0.5	1/2	1/2	Chord	4/4	3	1	1/8	1/8	1	122	---									
8	8	61/2	61/2	0.5	5/8	5/8	Chord	4/4	3	1	1/8	1/8	1	123										
8	8	31	31	1.0	3/4	3/4	Chord	4/4	3	1	1/4	1/4	1	124										
8	8	28	28	0.0	0	0	FiguredBass	4/4	5	1	0										1/8	6		
8	8	28	28	0.5	0	0	Chord	4/4	5	1	1/8	1/8	1	125										
8	8	57/2	57/2	0.5	1/8	1/8	Chord	4/4	5	1	1/8	1/8	1	126										
8	8	29	29	0.0	1/4	1/4	FiguredBass	4/4	5	1	0										1/4	5_		
8	8	29	29	0.25	1/4	1/4	Chord	4/4	5	1	1/16	1/16	1	127										
8	8	117/4	117/4	0.25	5/16	5/16	Chord	4/4	5	1	1/16	1/16	1	128										
8	8	59/2	59/2	0.25	3/8	3/8	Chord	4/4	5	1	1/16	1/16	1	129										
8	8	119/4	119/4	0.25	7/16	7/16	Chord	4/4	5	1	1/16	1/16	1	130										
8	8	30	30	0.0	1/2	1/2	FiguredBass	4/4	5	1	0										1/8	5		
8	8	30	30	0.5	1/2	1/2	Chord	4/4	5	1	1/8	1/8	1	131										
8	8	61/2	61/2	0.5	5/8	5/8	Chord	4/4	5	1	1/8	1/8	1	132										
8	8	31	31	1.0	3/4	3/4	Chord	4/4	5	1	1/4	1/4	1	133										
9	9	32	32	2.0	0	0	Chord	4/4	1	1	1/2	1/2	1	134										
9	9	34	34	2.0	1/2	1/2	Chord	4/4	1	1	1/2	1/2	1	135	xus									
9	9	32	32	0.5	0	0	Chord	4/4	2	1	1/8	1/8	1	136	---									
9	9	65/2	65/2	0.25	1/8	1/8	Chord	4/4	2	1	1/16	1/16	1	137										
9	9	131/4	131/4	0.25	3/16	3/16	Chord	4/4	2	1	1/16	1/16	1	138										
9	9	33	33	0.5	1/4	1/4	Chord	4/4	2	1	1/8	1/8	1	139										
9	9	67/2	67/2	0.5	3/8	3/8	Chord	4/4	2	1	1/8	1/8	1	140										
9	9	34	34	0.5	1/2	1/2	Chord	4/4	2	1	1/8	1/8	1	141										
9	9	69/2	69/2	0.25	5/8	5/8	Chord	4/4	2	1	1/16	1/16	1	142										
9	9	139/4	139/4	0.25	11/16	11/16	Chord	4/4	2	1	1/16	1/16	1	143	--									
9	9	35	35	0.5	3/4	3/4	Chord	4/4	2	1	1/8	1/8	1	144										
9	9	71/2	71/2	0.5	7/8	7/8	Chord	4/4	2	1	1/8	1/8	1	145	bis,									
9	9	32	32	0.5	0	0	Chord	4/4	3	1	1/8	1/8	1	146										
9	9	65/2	65/2	0.25	1/8	1/8	Chord	4/4	3	1	1/16	1/16	1	147										
9	9	131/4	131/4	0.25	3/16	3/16	Chord	4/4	3	1	1/16	1/16	1	148										
9	9	33	33	0.5	1/4	1/4	Chord	4/4	3	1	1/8	1/8	1	149										
9	9	67/2	67/2	0.5	3/8	3/8	Chord	4/4	3	1	1/8	1/8	1	150										
9	9	34	34	0.5	1/2	1/2	Chord	4/4	3	1	1/8	1/8	1	151										
9	9	69/2	69/2	0.5	5/8	5/8	Chord	4/4	3	1	1/8	1/8	1	152										
9	9	35	35	0.5	3/4	3/4	Chord	4/4	3	1	1/8	1/8	1	153										
9	9	71/2	71/2	0.5	7/8	7/8	Chord	4/4	3	1	1/8	1/8	1	154										
9	9	32	32	0.5	0	0	Chord	4/4	5	1	1/8	1/8	1	155										
9	9	65/2	65/2	0.25	1/8	1/8	Chord	4/4	5	1	1/16	1/16	1	156										
9	9	131/4	131/4	0.25	3/16	3/16	Chord	4/4	5	1	1/16	1/16	1	157										
9	9	33	33	0.5	1/4	1/4	Chord	4/4	5	1	1/8	1/8	1	158										
9	9	67/2	67/2	0.5	3/8	3/8	Chord	4/4	5	1	1/8	1/8	1	159										
9	9	34	34	0.5	1/2	1/2	Chord	4/4	5	1	1/8	1/8	1	160										
9	9	69/2	69/2	0.5	5/8	5/8	Chord	4/4	5	1	1/8	1/8	1	161										
9	9	35	35	0.5	3/4	3/4	Chord	4/4	5	1	1/8	1/8	1	162										
9	9	71/2	71/2	0.5	7/8	7/8	Chord	4/4	5	1	1/8	1/8	1	163										
10	10	38	38	0.75	1/2	1/2	Chord	4/4	1	1	3/16	1/8	3/2	164	e-									
10	10	155/4	155/4	0.25	11/16	11/16	Chord	4/4	1	1	1/16	1/16	1	165										
10	10	39	39	0.5	3/4	3/4	Chord	4/4	1	1	1/8	1/8	1	166	-tiam									
10	10	79/2	79/2	0.5	7/8	7/8	Chord	4/4	1	1	1/8	1/8	1	167	pro									
10	10	36	36	0.75	0	0	Chord	4/4	2	1	3/16	1/8	3/2	168	e-									
10	10	147/4	147/4	0.25	3/16	3/16	Chord	4/4	2	1	1/16	1/16	1	169	-ti-									
10	10	37	37	0.5	1/4	1/4	Chord	4/4	2	1	1/8	1/8	1	170	-am									
10	10	75/2	75/2	0.5	3/8	3/8	Chord	4/4	2	1	1/8	1/8	1	171	pro									
10	10	38	38	0.5	1/2	1/2	Chord	4/4	2	1	1/8	1/8	1	172	no-									
10	10	77/2	77/2	0.5	5/8	5/8	Chord	4/4	2	1	1/8	1/8	1	173										
10	10	39	39	0.5	3/4	3/4	Chord	4/4	2	1	1/8	1/8	1	174										
10	10	79/2	79/2	0.25	7/8	7/8	Chord	4/4	2	1	1/16	1/16	1	175										
10	10	159/4	159/4	0.25	15/16	15/16	Chord	4/4	2	1	1/16	1/16	1	176	---									
10	10	36	36	0.5	0	0	Chord	4/4	3	1	1/8	1/8	1	177										
10	10	73/2	73/2	1.0	1/8	1/8	Chord	4/4	3	1	1/4	1/4	1	178										
10	10	75/2	75/2	0.5	3/8	3/8	Chord	4/4	3	1	1/8	1/8	1	179										
10	10	38	38	1.0	1/2	1/2	Chord	4/4	3	1	1/4	1/4	1	180										
10	10	39	39	1.0	3/4	3/4	Chord	4/4	3	1	1/4	1/4	1	181	-bis.									
10	10	36	36	2.0	0	0	Chord	4/4	4	1	1/2	1/2	1	182	Cru-									
10	10	38	38	2.0	1/2	1/2	Chord	4/4	4	1	1/2	1/2	1	183	-ci-									
10	10	36	36	2.0	0	0	Chord	4/4	5	1	1/2	1/2	1	184										
10	10	38	38	2.0	1/2	1/2	Chord	4/4	5	1	1/2	1/2	1	185										
11	11	40	40	0.5	0	0	Chord	4/4	1	1	1/8	1/8	1	186	no									
11	11	81/2	81/2	0.25	1/8	1/8	Chord	4/4	1	1	1/16	1/16	1	187										
11	11	163/4	163/4	0.25	3/16	3/16	Chord	4/4	1	1	1/16	1/16	1	188										
11	11	41	41	0.5	1/4	1/4	Chord	4/4	1	1	1/8	1/8	1	189										
11	11	83/2	83/2	0.5	3/8	3/8	Chord	4/4	1	1	1/8	1/8	1	190										
11	11	42	42	0.5	1/2	1/2	Chord	4/4	1	1	1/8	1/8	1	191										
11	11	85/2	85/2	0.25	5/8	5/8	Chord	4/4	1	1	1/16	1/16	1	192										
11	11	171/4	171/4	0.25	11/16	11/16	Chord	4/4	1	1	1/16	1/16	1	193										
11	11	43	43	0.5	3/4	3/4	Chord	4/4	1	1	1/8	1/8	1	194										
11	11	87/2	87/2	0.5	7/8	7/8	Chord	4/4	1	1	1/8	1/8	1	195										
11	11	40	40	0.5	0	0	Chord	4/4	2	1	1/8	1/8	1	196										
11	11	81/2	81/2	0.5	1/8	1/8	Chord	4/4	2	1	1/8	1/8	1	197										
11	11	41	41	0.5	1/4	1/4	Chord	4/4	2	1	1/8	1/8	1	198										
11	11	83/2	83/2	0.25	3/8	3/8	Chord	4/4	2	1	1/16	1/16	1	199	---									
11	11	167/4	167/4	0.25	7/16	7/16	Chord	4/4	2	1	1/16	1/16	1	200										
11	11	42	42	0.5	1/2	1/2	Chord	4/4	2	1	1/8	1/8	1	201										
11	11	85/2	85/2	0.5	5/8	5/8	Chord	4/4	2	1	1/8	1/8	1	202										
11	11	43	43	0.5	3/4	3/4	Chord	4/4	2	1	1/8	1/8	1	203										
11	11	87/2	87/2	0.25	7/8	7/8	Chord	4/4	2	1	1/16	1/16	1	204	---									
11	11	175/4	175/4	0.25	15/16	15/16	Chord	4/4	2	1	1/16	1/16	1	205										
11	11	40	40	2.0	0	0	Chord	4/4	4	1	1/2	1/2	1	206	-ti-									4
11	11	42	42	2.0	1/2	1/2	Chord	4/4	4	1	1/2	1/2	1	207										
11	11	40	40	2.0	0	0	Chord	4/4	5	1	1/2	1/2	1	208										
11	11	42	42	2.0	1/2	1/2	Chord	4/4	5	1	1/2	1/2	1	209										
12	12	44	44	0.5	0	0	Chord	4/4	1	1	1/8	1/8	1	210										
12	12	89/2	89/2	0.25	1/8	1/8	Chord	4/4	1	1	1/16	1/16	1	211										
12	12	179/4	179/4	0.25	3/16	3/16	Chord	4/4	1	1	1/16	1/16	1	212										
12	12	45	45	0.5	1/4	1/4	Chord	4/4	1	1	1/8	1/8	1	213										
12	12	91/2	91/2	0.5	3/8	3/8	Chord	4/4	1	1	1/8	1/8	1	214										
12	12	46	46	0.5	1/2	1/2	Chord	4/4	1	1	1/8	1/8	1	215										
12	12	93/2	93/2	0.5	5/8	5/8	Chord	4/4	1	1	1/8	1/8	1	216										
12	12	47	47	0.5	3/4	3/4	Chord	4/4	1	1	1/8	1/8	1	217										
12	12	95/2	95/2	0.25	7/8	7/8	Chord	4/4	1	1	1/16	1/16	1	218										
12	12	191/4	191/4	0.25	15/16	15/16	Chord	4/4	1	1	1/16	1/16	1	219										
12	12	44	44	1.0	0	0	Chord	4/4	2	1	1/4	1/4	1	220										
12	12	45	45	1.0	1/4	1/4	Chord	4/4	2	1	1/4	1/4	1	221										
12	12	46	46	0.75	1/2	1/2	Chord	4/4	2	1	3/16	1/8	3/2	222										
12	12	187/4	187/4	0.25	11/16	11/16	Chord	4/4	2	1	1/16	1/16	1	223										
12	12	47	47	1.0	3/4	3/4	Chord	4/4	2	1	1/4	1/4	1	224	-bis,									
12	12	44	44	2.0	0	0	Chord	4/4	3	1	1/2	1/2	1	225	Crl-									
12	12	46	46	2.0	1/2	1/2	Chord	4/4	3	1	1/2	1/2	1	226	-ci-									
12	12	44	44	2.0	0	0	Chord	4/4	4	1	1/2	1/2	1	227	-xus									
12	12	46	46	0.75	1/2	1/2	Chord	4/4	4	1	3/16	1/8	3/2	228	e-									
12	12	187/4	187/4	0.25	11/16	11/16	Chord	4/4	4	1	1/16	1/16	1	229										
12	12	47	47	0.5	3/4	3/4	Chord	4/4	4	1	1/8	1/8	1	230	-tiam									
12	12	95/2	95/2	0.5	7/8	7/8	Chord	4/4	4	1	1/8	1/8	1	231	pm									
12	12	44	44	2.0	0	0	Chord	4/4	5	1	1/2	1/2	1	232										
12	12	46	46	0.75	1/2	1/2	Chord	4/4	5	1	3/16	1/8	3/2	233										
12	12	187/4	187/4	0.25	11/16	11/16	Chord	4/4	5	1	1/16	1/16	1	234										
12	12	47	47	0.5	3/4	3/4	Chord	4/4	5	1	1/8	1/8	1	235										
12	12	95/2	95/2	0.5	7/8	7/8	Chord	4/4	5	1	1/8	1/8	1	236										
13	13	48	48	0.5	0	0	Chord	4/4	1	1	1/8	1/8	1	237										
13	13	97/2	97/2	0.5	1/8	1/8	Chord	4/4	1	1	1/8	1/8	1	238										
13	13	49	49	0.5	1/4	1/4	Chord	4/4	1	1	1/8	1/8	1	239										
13	13	99/2	99/2	0.25	3/8	3/8	Chord	4/4	1	1	1/16	1/16	1	240										
13	13	199/4	199/4	0.25	7/16	7/16	Chord	4/4	1	1	1/16	1/16	1	241										
13	13	50	50	0.5	1/2	1/2	Chord	4/4	1	1	1/8	1/8	1	242										
13	13	101/2	101/2	0.5	5/8	5/8	Chord	4/4	1	1	1/8	1/8	1	243										
13	13	51	51	0.5	3/4	3/4	Chord	4/4	1	1	1/8	1/8	1	244										
13	13	103/2	103/2	0.25	7/8	7/8	Chord	4/4	1	1	1/16	1/16	1	245										
13	13	207/4	207/4	0.25	15/16	15/16	Chord	4/4	1	1	1/16	1/16	1	246										
13	13	101/2	101/2	0.5	5/8	5/8	Chord	4/4	2	1	1/8	1/8	1	247	pro									
13	13	51	51	0.5	3/4	3/4	Chord	4/4	2	1	1/8	1/8	1	248	no-									
13	13	103/2	103/2	0.25	7/8	7/8	Chord	4/4	2	1	1/16	1/16	1	249										
13	13	207/4	207/4	0.25	15/16	15/16	Chord	4/4	2	1	1/16	1/16	1	250										
13	13	48	48	2.0	0	0	Chord	4/4	3	1	1/2	1/2	1	251	-ti-									
13	13	50	50	2.0	1/2	1/2	Chord	4/4	3	1	1/2	1/2	1	252										
13	13	48	48	0.5	0	0	Chord	4/4	4	1	1/8	1/8	1	253	no-									
13	13	97/2	97/2	0.25	1/8	1/8	Chord	4/4	4	1	1/16	1/16	1	254										
13	13	195/4	195/4	0.25	3/16	3/16	Chord	4/4	4	1	1/16	1/16	1	255										
13	13	49	49	0.5	1/4	1/4	Chord	4/4	4	1	1/8	1/8	1	256										
13	13	99/2	99/2	0.5	3/8	3/8	Chord	4/4	4	1	1/8	1/8	1	257										
13	13	50	50	0.5	1/2	1/2	Chord	4/4	4	1	1/8	1/8	1	258										
13	13	101/2	101/2	0.25	5/8	5/8	Chord	4/4	4	1	1/16	1/16	1	259										
13	13	203/4	203/4	0.25	11/16	11/16	Chord	4/4	4	1	1/16	1/16	1	260										
13	13	51	51	0.5	3/4	3/4	Chord	4/4	4	1	1/8	1/8	1	261										
13	13	103/2	103/2	0.5	7/8	7/8	Chord	4/4	4	1	1/8	1/8	1	262										
13	13	48	48	0.5	0	0	Chord	4/4	5	1	1/8	1/8	1	263										
13	13	97/2	97/2	0.25	1/8	1/8	Chord	4/4	5	1	1/16	1/16	1	264										
13	13	195/4	195/4	0.25	3/16	3/16	Chord	4/4	5	1	1/16	1/16	1	265										
13	13	49	49	0.5	1/4	1/4	Chord	4/4	5	1	1/8	1/8	1	266										
13	13	99/2	99/2	0.5	3/8	3/8	Chord	4/4	5	1	1/8	1/8	1	267										
13	13	50	50	0.5	1/2	1/2	Chord	4/4	5	1	1/8	1/8	1	268										
13	13	101/2	101/2	0.25	5/8	5/8	Chord	4/4	5	1	1/16	1/16	1	269										
13	13	203/4	203/4	0.25	11/16	11/16	Chord	4/4	5	1	1/16	1/16	1	270										
13	13	51	51	0.5	3/4	3/4	Chord	4/4	5	1	1/8	1/8	1	271										
13	13	103/2	103/2	0.5	7/8	7/8	Chord	4/4	5	1	1/8	1/8	1	272										
14	14	52	52	0.5	0	0	Chord	4/4	1	1	1/8	1/8	1	273										
14	14	105/2	105/2	0.5	1/8	1/8	Chord	4/4	1	1	1/8	1/8	1	274										
14	14	53	53	1.5	1/4	1/4	Chord	4/4	1	1	3/8	1/4	3/2	275										
14	14	109/2	109/2	0.5	5/8	5/8	Chord	4/4	1	1	1/8	1/8	1	276										
14	14	55	55	1.0	3/4	3/4	Chord	4/4	1	1	1/4	1/4	1	277										
14	14	52	52	0.5	0	0	Chord	4/4	2	1	1/8	1/8	1	278										
14	14	105/2	105/2	0.5	1/8	1/8	Chord	4/4	2	1	1/8	1/8	1	279										
14	14	53	53	0.75	1/4	1/4	Chord	4/4	2	1	3/16	1/8	3/2	280										
14	14	215/4	215/4	0.25	7/16	7/16	Chord	4/4	2	1	1/16	1/16	1	281										
14	14	54	54	1.0	1/2	1/2	Chord	4/4	2	1	1/4	1/4	1	282	-bis:									
14	14	52	52	1.0	0	0	Chord	4/4	3	1	1/4	1/4	1	283	-xus									
14	14	53	53	0.5	1/4	1/4	Chord	4/4	3	1	1/8	1/8	1	284	e-									
14	14	107/2	107/2	0.25	3/8	3/8	Chord	4/4	3	1	1/16	1/16	1	285	-ti-									5
14	14	215/4	215/4	0.25	7/16	7/16	Chord	4/4	3	1	1/16	1/16	1	286										
14	14	54	54	0.5	1/2	1/2	Chord	4/4	3	1	1/8	1/8	1	287	-am									
14	14	109/2	109/2	0.5	5/8	5/8	Chord	4/4	3	1	1/8	1/8	1	288	pro									
14	14	55	55	1.0	3/4	3/4	Chord	4/4	3	1	1/4	1/4	1	289	no-									
14	14	52	52	0.5	0	0	Chord	4/4	4	1	1/8	1/8	1	290										
14	14	105/2	105/2	0.25	1/8	1/8	Chord	4/4	4	1	1/16	1/16	1	291										
14	14	211/4	211/4	0.25	3/16	3/16	Chord	4/4	4	1	1/16	1/16	1	292										
14	14	53	53	0.5	1/4	1/4	Chord	4/4	4	1	1/8	1/8	1	293										
14	14	107/2	107/2	0.5	3/8	3/8	Chord	4/4	4	1	1/8	1/8	1	294										
14	14	54	54	1.0	1/2	1/2	Chord	4/4	4	1	1/4	1/4	1	295										
14	14	55	55	1.0	3/4	3/4	Chord	4/4	4	1	1/4	1/4	1	296										
14	14	52	52	0.5	0	0	Chord	4/4	5	1	1/8	1/8	1	297										
14	14	105/2	105/2	0.25	1/8	1/8	Chord	4/4	5	1	1/16	1/16	1	298										
14	14	211/4	211/4	0.25	3/16	3/16	Chord	4/4	5	1	1/16	1/16	1	299										
14	14	53	53	0.5	1/4	1/4	Chord	4/4	5	1	1/8	1/8	1	300										
14	14	107/2	107/2	0.5	3/8	3/8	Chord	4/4	5	1	1/8	1/8	1	301										
14	14	54	54	1.0	1/2	1/2	Chord	4/4	5	1	1/4	1/4	1	302										
14	14	55	55	1.0	3/4	3/4	Chord	4/4	5	1	1/4	1/4	1	303										
15	15	56	56	1.0	0	0	Chord	4/4	1	1	1/4	1/4	1	304										
15	15	57	57	1.0	1/4	1/4	Chord	4/4	1	1	1/4	1/4	1	305										
15	15	57	57	0.0	1/4	1/4	StaffText	4/4	2	1	0						"<font size=""12""/><font face=""Times New Roman""/>bis:"							
15	15	57	57	1.0	1/4	1/4	Chord	4/4	2	1	1/4	1/4	1	306	Sub									
15	15	58	58	1.5	1/2	1/2	Chord	4/4	2	1	3/8	1/4	3/2	307	Pon-									
15	15	119/2	119/2	0.5	7/8	7/8	Chord	4/4	2	1	1/8	1/8	1	308	-ti-									
15	15	56	56	1.0	0	0	Chord	4/4	3	1	1/4	1/4	1	309	-bis:									
15	15	59	59	1.0	3/4	3/4	Chord	4/4	3	1	1/4	1/4	1	310	Pas-									
15	15	56	56	1.0	0	0	Chord	4/4	4	1	1/4	1/4	1	311										
15	15	57	57	1.0	1/4	1/4	Chord	4/4	4	1	1/4	1/4	1	312	-bis:									
15	15	56	56	1.0	0	0	Chord	4/4	5	1	1/4	1/4	1	313										
15	15	57	57	1.0	1/4	1/4	Chord	4/4	5	1	1/4	1/4	1	314										
15	15	58	58	1.5	1/2	1/2	Chord	4/4	5	1	3/8	1/4	3/2	315										
15	15	119/2	119/2	0.5	7/8	7/8	Chord	4/4	5	1	1/8	1/8	1	316										
15	15	59	59	1.0	3/4	3/4	Chord	4/4	5	2	1/4	1/4	1	317										
16	16	60	60	1.0	0	0	Chord	4/4	2	1	1/4	1/4	1	318	-o									
16	16	61	61	1.0	1/4	1/4	Chord	4/4	2	1	1/4	1/4	1	319	Pi-									
16	16	62	62	0.5	1/2	1/2	Chord	4/4	2	1	1/8	1/8	1	320	-la-									
16	16	125/2	125/2	0.5	5/8	5/8	Chord	4/4	2	1	1/8	1/8	1	321										
16	16	63	63	1.0	3/4	3/4	Chord	4/4	2	1	1/4	1/4	1	322										
16	16	60	60	1.0	0	0	Chord	4/4	3	1	1/4	1/4	1	323										
16	16	61	61	1.0	1/4	1/4	Chord	4/4	3	1	1/4	1/4	1	324	-sus									
16	16	62	62	1.0	1/2	1/2	Chord	4/4	3	1	1/4	1/4	1	325	et									
16	16	63	63	1.0	3/4	3/4	Chord	4/4	3	1	1/4	1/4	1	326	se-									
16	16	60	60	1.0	0	0	Chord	4/4	5	1	1/4	1/4	1	327										
16	16	61	61	1.0	1/4	1/4	Chord	4/4	5	1	1/4	1/4	1	328										
16	16	62	62	0.5	1/2	1/2	Chord	4/4	5	1	1/8	1/8	1	329										
16	16	125/2	125/2	0.5	5/8	5/8	Chord	4/4	5	1	1/8	1/8	1	330										
16	16	63	63	1.0	3/4	3/4	Chord	4/4	5	1	1/4	1/4	1	331										
16	16	60	60	1.0	0	0	Chord	4/4	5	2	1/4	1/4	1	332										
16	16	61	61	1.0	1/4	1/4	Chord	4/4	5	2	1/4	1/4	1	333										
16	16	62	62	1.0	1/2	1/2	Chord	4/4	5	2	1/4	1/4	1	334										
16	16	63	63	1.0	3/4	3/4	Chord	4/4	5	2	1/4	1/4	1	335										
17	17	67	67	1.0	3/4	3/4	Chord	4/4	1	1	1/4	1/4	1	336	Sub									
17	17	64	64	1.0	0	0	Chord	4/4	2	1	1/4	1/4	1	337	--									
17	17	65	65	1.0	1/4	1/4	Chord	4/4	2	1	1/4	1/4	1	338	to									
17	17	66	66	2.0	1/2	1/2	Chord	4/4	2	1	1/2	1/2	1	339	pas-									
17	17	64	64	1.0	0	0	Chord	4/4	3	1	1/4	1/4	1	340	-pul-									6
17	17	65	65	2.0	1/4	1/4	Chord	4/4	3	1	1/2	1/2	1	341										
17	17	67	67	1.0	3/4	3/4	Chord	4/4	3	1	1/4	1/4	1	342	-tus									
17	17	64	64	1.0	0	0	Chord	4/4	5	1	1/4	1/4	1	343										
17	17	65	65	1.0	1/4	1/4	Chord	4/4	5	1	1/4	1/4	1	344										
17	17	66	66	2.0	1/2	1/2	Chord	4/4	5	1	1/2	1/2	1	345										
17	17	64	64	1.0	0	0	Chord	4/4	5	2	1/4	1/4	1	346										
17	17	65	65	2.0	1/4	1/4	Chord	4/4	5	2	1/2	1/2	1	347										
17	17	67	67	1.0	3/4	3/4	Chord	4/4	5	2	1/4	1/4	1	348										
18	18	68	68	1.5	0	0	Chord	4/4	1	1	3/8	1/4	3/2	349	Pon-									
18	18	139/2	139/2	0.5	3/8	3/8	Chord	4/4	1	1	1/8	1/8	1	350	-ti-									
18	18	70	70	1.0	1/2	1/2	Chord	4/4	1	1	1/4	1/4	1	351	-o									
18	18	71	71	1.0	3/4	3/4	Chord	4/4	1	1	1/4	1/4	1	352	Pi-									
18	18	68	68	0.5	0	0	Chord	4/4	2	1	1/8	1/8	1	353										
18	18	137/2	137/2	0.5	1/8	1/8	Chord	4/4	2	1	1/8	1/8	1	354										
18	18	69	69	0.5	1/4	1/4	Chord	4/4	2	1	1/8	1/8	1	355										
18	18	139/2	139/2	0.5	3/8	3/8	Chord	4/4	2	1	1/8	1/8	1	356										
18	18	70	70	0.5	1/2	1/2	Chord	4/4	2	1	1/8	1/8	1	357										
18	18	141/2	141/2	0.5	5/8	5/8	Chord	4/4	2	1	1/8	1/8	1	358										
18	18	71	71	1.0	3/4	3/4	Chord	4/4	2	1	1/4	1/4	1	359										
18	18	68	68	1.0	0	0	Chord	4/4	3	1	1/4	1/4	1	360	est,									
18	18	71	71	1.0	3/4	3/4	Chord	4/4	3	1	1/4	1/4	1	361	pas-									
18	18	69	69	2.0	1/4	1/4	Chord	4/4	4	1	1/2	1/2	1	362	Pas-									
18	18	71	71	1.0	3/4	3/4	Chord	4/4	4	1	1/4	1/4	1	363	-sus									
18	18	68	68	1.0	0	0	Chord	4/4	5	1	1/4	1/4	1	364										
18	18	68	68	1.0	0	0	Chord	4/4	5	2	1/4	1/4	1	365										
18	18	69	69	2.0	1/4	1/4	Chord	4/4	5	2	1/2	1/2	1	366										
18	18	71	71	1.0	3/4	3/4	Chord	4/4	5	2	1/4	1/4	1	367										
19	19	72	72	0.5	0	0	Chord	4/4	1	1	1/8	1/8	1	368	-la-									
19	19	145/2	145/2	0.5	1/8	1/8	Chord	4/4	1	1	1/8	1/8	1	369										
19	19	73	73	2.0	1/4	1/4	Chord	4/4	1	1	1/2	1/2	1	370										
19	19	75	75	1.0	3/4	3/4	Chord	4/4	1	1	1/4	1/4	1	371										
19	19	72	72	0.5	0	0	Chord	4/4	2	1	1/8	1/8	1	372										
19	19	145/2	145/2	0.5	1/8	1/8	Chord	4/4	2	1	1/8	1/8	1	373	-sw,									
19	19	73	73	1.0	1/4	1/4	Chord	4/4	2	1	1/4	1/4	1	374	pas-									
19	19	74	74	1.0	1/2	1/2	Chord	4/4	2	1	1/4	1/4	1	375										
19	19	75	75	0.75	3/4	3/4	Chord	4/4	2	1	3/16	1/8	3/2	376										
19	19	303/4	303/4	0.25	15/16	15/16	Chord	4/4	2	1	1/16	1/16	1	377										
19	19	72	72	1.0	0	0	Chord	4/4	3	1	1/4	1/4	1	378										
19	19	73	73	0.5	1/4	1/4	Chord	4/4	3	1	1/8	1/8	1	379										
19	19	147/2	147/2	0.5	3/8	3/8	Chord	4/4	3	1	1/8	1/8	1	380										
19	19	74	74	0.5	1/2	1/2	Chord	4/4	3	1	1/8	1/8	1	381										
19	19	149/2	149/2	0.5	5/8	5/8	Chord	4/4	3	1	1/8	1/8	1	382										
19	19	75	75	0.5	3/4	3/4	Chord	4/4	3	1	1/8	1/8	1	383										
19	19	151/2	151/2	0.5	7/8	7/8	Chord	4/4	3	1	1/8	1/8	1	384										
19	19	72	72	1.0	0	0	Chord	4/4	4	1	1/4	1/4	1	385	et									
19	19	73	73	1.0	1/4	1/4	Chord	4/4	4	1	1/4	1/4	1	386	se-									
19	19	74	74	1.0	1/2	1/2	Chord	4/4	4	1	1/4	1/4	1	387	-pul-									
19	19	75	75	1.0	3/4	3/4	Chord	4/4	4	1	1/4	1/4	1	388										
19	19	72	72	1.0	0	0	Chord	4/4	5	1	1/4	1/4	1	389										
19	19	73	73	1.0	1/4	1/4	Chord	4/4	5	1	1/4	1/4	1	390										
19	19	74	74	1.0	1/2	1/2	Chord	4/4	5	1	1/4	1/4	1	391										
19	19	75	75	1.0	3/4	3/4	Chord	4/4	5	1	1/4	1/4	1	392										
20	20	76	76	1.0	0	0	Chord	4/4	1	1	1/4	1/4	1	393	-to									
20	20	77	77	2.0	1/4	1/4	Chord	4/4	1	1	1/2	1/2	1	394	pas									
20	20	79	79	1.0	3/4	3/4	Chord	4/4	1	1	1/4	1/4	1	395										
20	20	76	76	0.5	0	0	Chord	4/4	2	1	1/8	1/8	1	396										
20	20	153/2	153/2	0.25	1/8	1/8	Chord	4/4	2	1	1/16	1/16	1	397										
20	20	307/4	307/4	0.25	3/16	3/16	Chord	4/4	2	1	1/16	1/16	1	398										
20	20	77	77	0.5	1/4	1/4	Chord	4/4	2	1	1/8	1/8	1	399										
20	20	155/2	155/2	0.5	3/8	3/8	Chord	4/4	2	1	1/8	1/8	1	400	---									
20	20	78	78	1.0	1/2	1/2	Chord	4/4	2	1	1/4	1/4	1	401										
20	20	79	79	1.0	3/4	3/4	Chord	4/4	2	1	1/4	1/4	1	402										
20	20	76	76	0.5	0	0	Chord	4/4	3	1	1/8	1/8	1	403										
20	20	153/2	153/2	0.5	1/8	1/8	Chord	4/4	3	1	1/8	1/8	1	404										
20	20	77	77	0.5	1/4	1/4	Chord	4/4	3	1	1/8	1/8	1	405										
20	20	155/2	155/2	0.25	3/8	3/8	Chord	4/4	3	1	1/16	1/16	1	406										
20	20	311/4	311/4	0.25	7/16	7/16	Chord	4/4	3	1	1/16	1/16	1	407	---									
20	20	78	78	1.0	1/2	1/2	Chord	4/4	3	1	1/4	1/4	1	408										
20	20	79	79	1.0	3/4	3/4	Chord	4/4	3	1	1/4	1/4	1	409										
20	20	76	76	1.0	0	0	Chord	4/4	4	1	1/4	1/4	1	410	--									
20	20	77	77	1.0	1/4	1/4	Chord	4/4	4	1	1/4	1/4	1	411	tus,									
20	20	78	78	1.0	1/2	1/2	Chord	4/4	4	1	1/4	1/4	1	412	pas									7
20	20	79	79	1.0	3/4	3/4	Chord	4/4	4	1	1/4	1/4	1	413										
20	20	76	76	1.0	0	0	Chord	4/4	5	1	1/4	1/4	1	414										
20	20	77	77	1.0	1/4	1/4	Chord	4/4	5	1	1/4	1/4	1	415										
20	20	78	78	1.0	1/2	1/2	Chord	4/4	5	1	1/4	1/4	1	416										
20	20	79	79	1.0	3/4	3/4	Chord	4/4	5	1	1/4	1/4	1	417										
21	21	80	80	2.0	0	0	Chord	4/4	1	1	1/2	1/2	1	418										
21	21	82	82	1.0	1/2	1/2	Chord	4/4	1	1	1/4	1/4	1	419	sw									
21	21	83	83	0.5	3/4	3/4	Chord	4/4	1	1	1/8	1/8	1	420	et									
21	21	167/2	167/2	0.5	7/8	7/8	Chord	4/4	1	1	1/8	1/8	1	421	se-									
21	21	80	80	1.0	0	0	Chord	4/4	2	1	1/4	1/4	1	422	--									
21	21	81	81	1.0	1/4	1/4	Chord	4/4	2	1	1/4	1/4	1	423	sus									
21	21	82	82	0.5	1/2	1/2	Chord	4/4	2	1	1/8	1/8	1	424	et									8
21	21	165/2	165/2	0.5	5/8	5/8	Chord	4/4	2	1	1/8	1/8	1	425										
21	21	83	83	1.0	3/4	3/4	Chord	4/4	2	1	1/4	1/4	1	426	se-									
21	21	80	80	1.0	0	0	Chord	4/4	3	1	1/4	1/4	1	427	--									
21	21	81	81	1.0	1/4	1/4	Chord	4/4	3	1	1/4	1/4	1	428	sus									
21	21	82	82	1.0	1/2	1/2	Chord	4/4	3	1	1/4	1/4	1	429	et									
21	21	83	83	0.5	3/4	3/4	Chord	4/4	3	1	1/8	1/8	1	430	se-									9
21	21	167/2	167/2	0.5	7/8	7/8	Chord	4/4	3	1	1/8	1/8	1	431										
21	21	80	80	1.0	0	0	Chord	4/4	4	1	1/4	1/4	1	432										
21	21	81	81	1.0	1/4	1/4	Chord	4/4	4	1	1/4	1/4	1	433	sus,									
21	21	82	82	1.0	1/2	1/2	Chord	4/4	4	1	1/4	1/4	1	434	pas-									
21	21	83	83	1.0	3/4	3/4	Chord	4/4	4	1	1/4	1/4	1	435	-sus									
21	21	80	80	1.0	0	0	Chord	4/4	5	1	1/4	1/4	1	436										
21	21	81	81	1.0	1/4	1/4	Chord	4/4	5	1	1/4	1/4	1	437										
21	21	82	82	1.0	1/2	1/2	Chord	4/4	5	1	1/4	1/4	1	438										
21	21	83	83	1.0	3/4	3/4	Chord	4/4	5	1	1/4	1/4	1	439										
22	22	84	84	1.0	0	0	Chord	4/4	1	1	1/4	1/4	1	440	-pul-									
22	22	85	85	2.0	1/4	1/4	Chord	4/4	1	1	1/2	1/2	1	441										
22	22	87	87	1.0	3/4	3/4	Chord	4/4	1	1	1/4	1/4	1	442	-tus									
22	22	84	84	1.0	0	0	Chord	4/4	2	1	1/4	1/4	1	443										
22	22	85	85	1.0	1/4	1/4	Chord	4/4	2	1	1/4	1/4	1	444	--									
22	22	86	86	1.5	1/2	1/2	Chord	4/4	2	1	3/8	1/4	3/2	445	pul-									
22	22	175/2	175/2	0.5	7/8	7/8	Chord	4/4	2	1	1/8	1/8	1	446	-tus									
22	22	84	84	1.0	0	0	Chord	4/4	3	1	1/4	1/4	1	447	-pul-									
22	22	85	85	1.0	1/4	1/4	Chord	4/4	3	1	1/4	1/4	1	448	-tus									
22	22	86	86	2.0	1/2	1/2	Chord	4/4	3	1	1/2	1/2	1	449	est.									
22	22	84	84	1.0	0	0	Chord	4/4	4	1	1/4	1/4	1	450	et									
22	22	85	85	1.0	1/4	1/4	Chord	4/4	4	1	1/4	1/4	1	451	se-									
22	22	86	86	1.5	1/2	1/2	Chord	4/4	4	1	3/8	1/4	3/2	452	-pul-									
22	22	175/2	175/2	0.5	7/8	7/8	Chord	4/4	4	1	1/8	1/8	1	453	-tus									
22	22	84	84	1.0	0	0	Chord	4/4	5	1	1/4	1/4	1	454										
22	22	85	85	1.0	1/4	1/4	Chord	4/4	5	1	1/4	1/4	1	455										
22	22	86	86	1.5	1/2	1/2	Chord	4/4	5	1	3/8	1/4	3/2	456										
22	22	175/2	175/2	0.5	7/8	7/8	Chord	4/4	5	1	1/8	1/8	1	457										
23	23	88	88	1.0	0	0	Chord	4/4	1	1	1/4	1/4	1	458	est.									
23	23	90	90	0.75	1/2	1/2	Chord	4/4	1	1	3/16	1/8	3/2	459	Cru-									
23	23	363/4	363/4	0.25	11/16	11/16	Chord	4/4	1	1	1/16	1/16	1	460	-ci-									
23	23	91	91	0.5	3/4	3/4	Chord	4/4	1	1	1/8	1/8	1	461	-fi-									
23	23	183/2	183/2	0.5	7/8	7/8	Chord	4/4	1	1	1/8	1/8	1	462	-xus									
23	23	88	88	2.0	0	0	Chord	4/4	2	1	1/2	1/2	1	463	est.									
23	23	88	88	2.0	0	0	Chord	4/4	3	1	1/2	1/2	1	464	Crl-									
23	23	90	90	2.0	1/2	1/2	Chord	4/4	3	1	1/2	1/2	1	465	-ci-									
23	23	88	88	2.0	0	0	Chord	4/4	4	1	1/2	1/2	1	466	est.									
23	23	88	88	1.0	0	0	Chord	4/4	5	1	1/4	1/4	1	467										
23	23	89	89	1.0	1/4	1/4	Chord	4/4	5	1	1/4	1/4	1	468										
23	23	90	90	2.0	1/2	1/2	Chord	4/4	5	1	1/2	1/2	1	469										
24	24	92	92	0.5	0	0	Chord	4/4	1	1	1/8	1/8	1	470	e									
24	24	185/2	185/2	0.25	1/8	1/8	Chord	4/4	1	1	1/16	1/16	1	471										
24	24	371/4	371/4	0.25	3/16	3/16	Chord	4/4	1	1	1/16	1/16	1	472										
24	24	93	93	0.5	1/4	1/4	Chord	4/4	1	1	1/8	1/8	1	473										
24	24	187/2	187/2	0.5	3/8	3/8	Chord	4/4	1	1	1/8	1/8	1	474										
24	24	94	94	0.5	1/2	1/2	Chord	4/4	1	1	1/8	1/8	1	475										
24	24	189/2	189/2	0.25	5/8	5/8	Chord	4/4	1	1	1/16	1/16	1	476										
24	24	379/4	379/4	0.25	11/16	11/16	Chord	4/4	1	1	1/16	1/16	1	477										
24	24	95	95	0.5	3/4	3/4	Chord	4/4	1	1	1/8	1/8	1	478										
24	24	191/2	191/2	0.5	7/8	7/8	Chord	4/4	1	1	1/8	1/8	1	479										
24	24	92	92	2.0	0	0	Chord	4/4	3	1	1/2	1/2	1	480	-ti-									
24	24	94	94	2.0	1/2	1/2	Chord	4/4	3	1	1/2	1/2	1	481										
24	24	92	92	2.0	0	0	Chord	4/4	5	1	1/2	1/2	1	482										
24	24	94	94	2.0	1/2	1/2	Chord	4/4	5	1	1/2	1/2	1	483										
25	25	96	96	1.0	0	0	Chord	4/4	1	1	1/4	1/4	1	484										
25	25	97	97	1.5	1/4	1/4	Chord	4/4	1	1	3/8	1/4	3/2	485	ti-									
25	25	197/2	197/2	0.5	5/8	5/8	Chord	4/4	1	1	1/8	1/8	1	486	-am									
25	25	99	99	1.0	3/4	3/4	Chord	4/4	1	1	1/4	1/4	1	487	pro									
25	25	96	96	2.0	0	0	Chord	4/4	2	1	1/2	1/2	1	488	Cru-									
25	25	98	98	2.0	1/2	1/2	Chord	4/4	2	1	1/2	1/2	1	489	-ci-									
25	25	96	96	2.0	0	0	Chord	4/4	3	1	1/2	1/2	1	490	-xus:									
25	25	98	98	0.75	1/2	1/2	Chord	4/4	4	1	3/16	1/8	3/2	491	E-									
25	25	395/4	395/4	0.25	11/16	11/16	Chord	4/4	4	1	1/16	1/16	1	492	-ti-									
25	25	99	99	0.5	3/4	3/4	Chord	4/4	4	1	1/8	1/8	1	493	-am									
25	25	199/2	199/2	0.5	7/8	7/8	Chord	4/4	4	1	1/8	1/8	1	494	pro									
25	25	96	96	2.0	0	0	Chord	4/4	5	1	1/2	1/2	1	495										
25	25	98	98	0.75	1/2	1/2	Chord	4/4	5	1	3/16	1/8	3/2	496										
25	25	395/4	395/4	0.25	11/16	11/16	Chord	4/4	5	1	1/16	1/16	1	497										
25	25	99	99	0.5	3/4	3/4	Chord	4/4	5	1	1/8	1/8	1	498										
25	25	199/2	199/2	0.5	7/8	7/8	Chord	4/4	5	1	1/8	1/8	1	499										
26	26	100	100	0.5	0	0	Chord	4/4	1	1	1/8	1/8	1	500	no-									
26	26	201/2	201/2	0.5	1/8	1/8	Chord	4/4	1	1	1/8	1/8	1	501										
26	26	101	101	0.5	1/4	1/4	Chord	4/4	1	1	1/8	1/8	1	502										
26	26	203/2	203/2	0.25	3/8	3/8	Chord	4/4	1	1	1/16	1/16	1	503										
26	26	407/4	407/4	0.25	7/16	7/16	Chord	4/4	1	1	1/16	1/16	1	504	---									
26	26	102	102	0.5	1/2	1/2	Chord	4/4	1	1	1/8	1/8	1	505										
26	26	205/2	205/2	0.5	5/8	5/8	Chord	4/4	1	1	1/8	1/8	1	506										
26	26	103	103	0.5	3/4	3/4	Chord	4/4	1	1	1/8	1/8	1	507										
26	26	207/2	207/2	0.5	7/8	7/8	Chord	4/4	1	1	1/8	1/8	1	508										
26	26	100	100	2.0	0	0	Chord	4/4	2	1	1/2	1/2	1	509	-ti-									
26	26	102	102	2.0	1/2	1/2	Chord	4/4	2	1	1/2	1/2	1	510	---									
26	26	100	100	0.5	0	0	Chord	4/4	4	1	1/8	1/8	1	511	no-									
26	26	201/2	201/2	0.25	1/8	1/8	Chord	4/4	4	1	1/16	1/16	1	512										
26	26	403/4	403/4	0.25	3/16	3/16	Chord	4/4	4	1	1/16	1/16	1	513										
26	26	101	101	0.5	1/4	1/4	Chord	4/4	4	1	1/8	1/8	1	514										
26	26	203/2	203/2	0.5	3/8	3/8	Chord	4/4	4	1	1/8	1/8	1	515										
26	26	102	102	0.5	1/2	1/2	Chord	4/4	4	1	1/8	1/8	1	516										
26	26	205/2	205/2	0.25	5/8	5/8	Chord	4/4	4	1	1/16	1/16	1	517										
26	26	411/4	411/4	0.25	11/16	11/16	Chord	4/4	4	1	1/16	1/16	1	518										
26	26	103	103	0.5	3/4	3/4	Chord	4/4	4	1	1/8	1/8	1	519										
26	26	207/2	207/2	0.5	7/8	7/8	Chord	4/4	4	1	1/8	1/8	1	520										
26	26	100	100	0.5	0	0	Chord	4/4	5	1	1/8	1/8	1	521										
26	26	201/2	201/2	0.25	1/8	1/8	Chord	4/4	5	1	1/16	1/16	1	522										
26	26	403/4	403/4	0.25	3/16	3/16	Chord	4/4	5	1	1/16	1/16	1	523										
26	26	101	101	0.5	1/4	1/4	Chord	4/4	5	1	1/8	1/8	1	524										
26	26	203/2	203/2	0.5	3/8	3/8	Chord	4/4	5	1	1/8	1/8	1	525										
26	26	102	102	0.5	1/2	1/2	Chord	4/4	5	1	1/8	1/8	1	526										
26	26	205/2	205/2	0.25	5/8	5/8	Chord	4/4	5	1	1/16	1/16	1	527										
26	26	411/4	411/4	0.25	11/16	11/16	Chord	4/4	5	1	1/16	1/16	1	528										
26	26	103	103	0.5	3/4	3/4	Chord	4/4	5	1	1/8	1/8	1	529										
26	26	207/2	207/2	0.5	7/8	7/8	Chord	4/4	5	1	1/8	1/8	1	530										
27	27	104	104	0.5	0	0	Chord	4/4	1	1	1/8	1/8	1	531	---									
27	27	209/2	209/2	0.5	1/8	1/8	Chord	4/4	1	1	1/8	1/8	1	532										
27	27	105	105	2.0	1/4	1/4	Chord	4/4	1	1	1/2	1/2	1	533										
27	27	107	107	1.0	3/4	3/4	Chord	4/4	1	1	1/4	1/4	1	534	-bis:									
27	27	104	104	2.0	0	0	Chord	4/4	2	1	1/2	1/2	1	535	-xus,									
27	27	107	107	1.0	3/4	3/4	Chord	4/4	2	1	1/4	1/4	1	536	pas-									
27	27	105	105	1.0	1/4	1/4	Chord	4/4	3	1	1/4	1/4	1	537	Sub									
27	27	106	106	1.5	1/2	1/2	Chord	4/4	3	1	3/8	1/4	3/2	538	Pon-									
27	27	215/2	215/2	0.5	7/8	7/8	Chord	4/4	3	1	1/8	1/8	1	539	-ti-									
27	27	104	104	1.0	0	0	Chord	4/4	4	1	1/4	1/4	1	540										
27	27	105	105	1.0	1/4	1/4	Chord	4/4	4	1	1/4	1/4	1	541	-bis:									
27	27	104	104	1.0	0	0	Chord	4/4	5	1	1/4	1/4	1	542										
27	27	105	105	1.0	1/4	1/4	Chord	4/4	5	1	1/4	1/4	1	543										
27	27	106	106	1.5	1/2	1/2	Chord	4/4	5	1	3/8	1/4	3/2	544										
27	27	215/2	215/2	0.5	7/8	7/8	Chord	4/4	5	1	1/8	1/8	1	545										
28	28	108	108	3.0	0	0	Chord	4/4	1	1	3/4	1/2	3/2	546	Pas-									
28	28	111	111	0.5	3/4	3/4	Chord	4/4	1	1	1/8	1/8	1	547	-sus,									10
28	28	223/2	223/2	0.5	7/8	7/8	Chord	4/4	1	1	1/8	1/8	1	548										
28	28	108	108	1.0	0	0	Chord	4/4	2	1	1/4	1/4	1	549										
28	28	109	109	1.0	1/4	1/4	Chord	4/4	2	1	1/4	1/4	1	550	-sus									
28	28	110	110	1.0	1/2	1/2	Chord	4/4	2	1	1/4	1/4	1	551	et									
28	28	111	111	1.0	3/4	3/4	Chord	4/4	2	1	1/4	1/4	1	552	se-									
28	28	108	108	1.0	0	0	Chord	4/4	3	1	1/4	1/4	1	553	-o									
28	28	109	109	1.0	1/4	1/4	Chord	4/4	3	1	1/4	1/4	1	554	Pi-									
28	28	110	110	0.5	1/2	1/2	Chord	4/4	3	1	1/8	1/8	1	555	-la-									
28	28	221/2	221/2	0.5	5/8	5/8	Chord	4/4	3	1	1/8	1/8	1	556										
28	28	111	111	1.0	3/4	3/4	Chord	4/4	3	1	1/4	1/4	1	557										
28	28	108	108	1.0	0	0	Chord	4/4	5	1	1/4	1/4	1	558										
28	28	109	109	1.0	1/4	1/4	Chord	4/4	5	1	1/4	1/4	1	559										
28	28	110	110	0.5	1/2	1/2	Chord	4/4	5	1	1/8	1/8	1	560										
28	28	221/2	221/2	0.5	5/8	5/8	Chord	4/4	5	1	1/8	1/8	1	561										
28	28	111	111	1.0	3/4	3/4	Chord	4/4	5	1	1/4	1/4	1	562										
29	29	112	112	1.0	0	0	Chord	4/4	1	1	1/4	1/4	1	563	pas-									
29	29	113	113	1.0	1/4	1/4	Chord	4/4	1	1	1/4	1/4	1	564	-sus,									
29	29	112	112	1.0	0	0	Chord	4/4	2	1	1/4	1/4	1	565	-pul-									
29	29	113	113	2.0	1/4	1/4	Chord	4/4	2	1	1/2	1/2	1	566										
29	29	115	115	1.0	3/4	3/4	Chord	4/4	2	1	1/4	1/4	1	567	-tus									
29	29	112	112	1.0	0	0	Chord	4/4	3	1	1/4	1/4	1	568	--									
29	29	113	113	1.0	1/4	1/4	Chord	4/4	3	1	1/4	1/4	1	569	to									
29	29	114	114	2.0	1/2	1/2	Chord	4/4	3	1	1/2	1/2	1	570	pas-									
29	29	115	115	1.0	3/4	3/4	Chord	4/4	4	1	1/4	1/4	1	571	Sub									
29	29	112	112	1.0	0	0	Chord	4/4	5	1	1/4	1/4	1	572										
29	29	113	113	1.0	1/4	1/4	Chord	4/4	5	1	1/4	1/4	1	573										
29	29	114	114	1.0	1/2	1/2	Chord	4/4	5	1	1/4	1/4	1	574										
29	29	115	115	1.0	3/4	3/4	Chord	4/4	5	1	1/4	1/4	1	575										
30	30	116	116	0.0	0	0	StaffText	4/4	1	1	0						"<font size=""12""/><font face=""Times New Roman""/>5"							
30	30	117	117	2.0	1/4	1/4	Chord	4/4	1	1	1/2	1/2	1	576	pas-									
30	30	119	119	1.0	3/4	3/4	Chord	4/4	1	1	1/4	1/4	1	577	-sw									
30	30	116	116	1.0	0	0	Chord	4/4	2	1	1/4	1/4	1	578	est,									
30	30	119	119	1.0	3/4	3/4	Chord	4/4	2	1	1/4	1/4	1	579	pas-									
30	30	116	116	1.0	0	0	Chord	4/4	3	1	1/4	1/4	1	580	-sw									
30	30	117	117	0.5	1/4	1/4	Chord	4/4	3	1	1/8	1/8	1	581	et									
30	30	235/2	235/2	0.5	3/8	3/8	Chord	4/4	3	1	1/8	1/8	1	582	se-									
30	30	118	118	1.0	1/2	1/2	Chord	4/4	3	1	1/4	1/4	1	583	-pul-									
30	30	119	119	1.0	3/4	3/4	Chord	4/4	3	1	1/4	1/4	1	584	-tus									
30	30	116	116	1.5	0	0	Chord	4/4	4	1	3/8	1/4	3/2	585	Pon-									
30	30	235/2	235/2	0.5	3/8	3/8	Chord	4/4	4	1	1/8	1/8	1	586	-ti-									
30	30	118	118	1.0	1/2	1/2	Chord	4/4	4	1	1/4	1/4	1	587	-o									
30	30	119	119	1.0	3/4	3/4	Chord	4/4	4	1	1/4	1/4	1	588	Pi-									
30	30	116	116	1.5	0	0	Chord	4/4	5	1	3/8	1/4	3/2	589										
30	30	235/2	235/2	0.5	3/8	3/8	Chord	4/4	5	1	1/8	1/8	1	590										
30	30	118	118	1.0	1/2	1/2	Chord	4/4	5	1	1/4	1/4	1	591										
30	30	119	119	1.0	3/4	3/4	Chord	4/4	5	1	1/4	1/4	1	592										
31	31	120	120	1.0	0	0	Chord	4/4	1	1	1/4	1/4	1	593	et									
31	31	121	121	1.0	1/4	1/4	Chord	4/4	1	1	1/4	1/4	1	594	se-									
31	31	122	122	1.0	1/2	1/2	Chord	4/4	1	1	1/4	1/4	1	595	-pul-									
31	31	123	123	1.0	3/4	3/4	Chord	4/4	1	1	1/4	1/4	1	596										
31	31	120	120	1.0	0	0	Chord	4/4	2	1	1/4	1/4	1	597										
31	31	121	121	0.5	1/4	1/4	Chord	4/4	2	1	1/8	1/8	1	598										
31	31	243/2	243/2	0.5	3/8	3/8	Chord	4/4	2	1	1/8	1/8	1	599	--									
31	31	122	122	1.0	1/2	1/2	Chord	4/4	2	1	1/4	1/4	1	600										
31	31	123	123	1.0	3/4	3/4	Chord	4/4	2	1	1/4	1/4	1	601	sus,									
31	31	120	120	2.0	0	0	Chord	4/4	3	1	1/2	1/2	1	602	est,									
31	31	120	120	0.5	0	0	Chord	4/4	4	1	1/8	1/8	1	603	-la-									
31	31	241/2	241/2	0.5	1/8	1/8	Chord	4/4	4	1	1/8	1/8	1	604										
31	31	121	121	2.0	1/4	1/4	Chord	4/4	4	1	1/2	1/2	1	605										
31	31	123	123	1.0	3/4	3/4	Chord	4/4	4	1	1/4	1/4	1	606	-to									
31	31	120	120	0.5	0	0	Chord	4/4	5	1	1/8	1/8	1	607										
31	31	241/2	241/2	0.5	1/8	1/8	Chord	4/4	5	1	1/8	1/8	1	608										
31	31	121	121	2.0	1/4	1/4	Chord	4/4	5	1	1/2	1/2	1	609										
31	31	123	123	1.0	3/4	3/4	Chord	4/4	5	1	1/4	1/4	1	610										
32	32	124	124	1.0	0	0	Chord	4/4	1	1	1/4	1/4	1	611										
32	32	125	125	1.0	1/4	1/4	Chord	4/4	1	1	1/4	1/4	1	612										
32	32	126	126	1.0	1/2	1/2	Chord	4/4	1	1	1/4	1/4	1	613	-tus,									
32	32	127	127	1.0	3/4	3/4	Chord	4/4	1	1	1/4	1/4	1	614	et-									
32	32	126	126	2.0	1/2	1/2	Chord	4/4	2	1	1/2	1/2	1	615	pas-									11
32	32	125	125	2.0	1/4	1/4	Chord	4/4	3	1	1/2	1/2	1	616	pas-									
32	32	127	127	1.0	3/4	3/4	Chord	4/4	3	1	1/4	1/4	1	617	-sw,									
32	32	124	124	1.0	0	0	Chord	4/4	4	1	1/4	1/4	1	618	pas-									
32	32	125	125	1.0	1/4	1/4	Chord	4/4	4	1	1/4	1/4	1	619	-sus,									
32	32	126	126	0.5	1/2	1/2	Chord	4/4	4	1	1/8	1/8	1	620	pas-									
32	32	253/2	253/2	0.5	5/8	5/8	Chord	4/4	4	1	1/8	1/8	1	621										
32	32	127	127	0.5	3/4	3/4	Chord	4/4	4	1	1/8	1/8	1	622										
32	32	255/2	255/2	0.5	7/8	7/8	Chord	4/4	4	1	1/8	1/8	1	623										
32	32	124	124	1.0	0	0	Chord	4/4	5	1	1/4	1/4	1	624										
32	32	125	125	1.0	1/4	1/4	Chord	4/4	5	1	1/4	1/4	1	625										
32	32	126	126	0.5	1/2	1/2	Chord	4/4	5	1	1/8	1/8	1	626										
32	32	253/2	253/2	0.5	5/8	5/8	Chord	4/4	5	1	1/8	1/8	1	627										
32	32	127	127	0.5	3/4	3/4	Chord	4/4	5	1	1/8	1/8	1	628										
32	32	255/2	255/2	0.5	7/8	7/8	Chord	4/4	5	1	1/8	1/8	1	629										
33	33	128	128	1.0	0	0	Chord	4/4	1	1	1/4	1/4	1	630										
33	33	129	129	0.0	1/4	1/4	StaffText	4/4	1	1	0						"<font face=""Times New Roman""/>s 6"							
33	33	129	129	0.5	1/4	1/4	Chord	4/4	1	1	1/8	1/8	1	631	-se-									12
33	33	259/2	259/2	0.5	3/8	3/8	Chord	4/4	1	1	1/8	1/8	1	632										
33	33	130	130	1.0	1/2	1/2	Chord	4/4	1	1	1/4	1/4	1	633	-pul-									
33	33	131	131	0.0	3/4	3/4	StaffText	4/4	1	1	0						"<font face=""Times New Roman""/>9 - s"							
33	33	131	131	1.0	3/4	3/4	Chord	4/4	1	1	1/4	1/4	1	634	-tus									
33	33	128	128	2.0	0	0	Chord	4/4	2	1	1/2	1/2	1	635										
33	33	130	130	2.0	1/2	1/2	Chord	4/4	2	1	1/2	1/2	1	636	-sus									
33	33	128	128	1.0	0	0	Chord	4/4	3	1	1/4	1/4	1	637										
33	33	129	129	2.0	1/4	1/4	Chord	4/4	3	1	1/2	1/2	1	638	pas-									
33	33	131	131	1.0	3/4	3/4	Chord	4/4	3	1	1/4	1/4	1	639										
33	33	128	128	0.5	0	0	Chord	4/4	4	1	1/8	1/8	1	640										
33	33	257/2	257/2	0.5	1/8	1/8	Chord	4/4	4	1	1/8	1/8	1	641	---									
33	33	129	129	0.5	1/4	1/4	Chord	4/4	4	1	1/8	1/8	1	642										
33	33	259/2	259/2	0.5	3/8	3/8	Chord	4/4	4	1	1/8	1/8	1	643										
33	33	130	130	0.5	1/2	1/2	Chord	4/4	4	1	1/8	1/8	1	644										
33	33	261/2	261/2	0.5	5/8	5/8	Chord	4/4	4	1	1/8	1/8	1	645										
33	33	131	131	0.5	3/4	3/4	Chord	4/4	4	1	1/8	1/8	1	646	-sus-									13
33	33	263/2	263/2	0.5	7/8	7/8	Chord	4/4	4	1	1/8	1/8	1	647										
33	33	128	128	0.5	0	0	Chord	4/4	5	1	1/8	1/8	1	648										
33	33	257/2	257/2	0.5	1/8	1/8	Chord	4/4	5	1	1/8	1/8	1	649										
33	33	129	129	0.5	1/4	1/4	Chord	4/4	5	1	1/8	1/8	1	650										
33	33	259/2	259/2	0.5	3/8	3/8	Chord	4/4	5	1	1/8	1/8	1	651										
33	33	130	130	0.5	1/2	1/2	Chord	4/4	5	1	1/8	1/8	1	652										
33	33	261/2	261/2	0.5	5/8	5/8	Chord	4/4	5	1	1/8	1/8	1	653										
33	33	131	131	0.5	3/4	3/4	Chord	4/4	5	1	1/8	1/8	1	654										
33	33	263/2	263/2	0.5	7/8	7/8	Chord	4/4	5	1	1/8	1/8	1	655										
34	34	132	132	1.0	0	0	Chord	4/4	1	1	1/4	1/4	1	656	est.									
34	34	132	132	0.5	0	0	Chord	4/4	2	1	1/8	1/8	1	657	et									
34	34	265/2	265/2	0.5	1/8	1/8	Chord	4/4	2	1	1/8	1/8	1	658	se-									
34	34	133	133	2.0	1/4	1/4	Chord	4/4	2	1	1/2	1/2	1	659	-pul-									
34	34	135	135	1.0	3/4	3/4	Chord	4/4	2	1	1/4	1/4	1	660	-tw									
34	34	132	132	0.5	0	0	Chord	4/4	3	1	1/8	1/8	1	661										
34	34	265/2	265/2	0.5	1/8	1/8	Chord	4/4	3	1	1/8	1/8	1	662	-sw									
34	34	133	133	0.5	1/4	1/4	Chord	4/4	3	1	1/8	1/8	1	663	et									
34	34	267/2	267/2	0.5	3/8	3/8	Chord	4/4	3	1	1/8	1/8	1	664	se-									
34	34	134	134	1.5	1/2	1/2	Chord	4/4	3	1	3/8	1/4	3/2	665	-pul-									
34	34	271/2	271/2	0.5	7/8	7/8	Chord	4/4	3	1	1/8	1/8	1	666	-tus									
34	34	132	132	1.0	0	0	Chord	4/4	4	1	1/4	1/4	1	667	-et									
34	34	133	133	1.0	1/4	1/4	Chord	4/4	4	1	1/4	1/4	1	668	se-									
34	34	134	134	1.5	1/2	1/2	Chord	4/4	4	1	3/8	1/4	3/2	669	-pul-									
34	34	271/2	271/2	0.5	7/8	7/8	Chord	4/4	4	1	1/8	1/8	1	670	-tus									
34	34	132	132	1.0	0	0	Chord	4/4	5	1	1/4	1/4	1	671										
34	34	133	133	1.0	1/4	1/4	Chord	4/4	5	1	1/4	1/4	1	672										
34	34	134	134	1.0	1/2	1/2	Chord	4/4	5	1	1/4	1/4	1	673										
34	34	135	135	1.0	3/4	3/4	Chord	4/4	5	1	1/4	1/4	1	674										
35	35	136	136	2.0	0	0	Chord	4/4	1	1	1/2	1/2	1	675	Cru-									
35	35	138	138	2.0	1/2	1/2	Chord	4/4	1	1	1/2	1/2	1	676	-ci-									
35	35	136	136	1.0	0	0	Chord	4/4	2	1	1/4	1/4	1	677	est.									
35	35	136	136	1.0	0	0	Chord	4/4	3	1	1/4	1/4	1	678	est.									
35	35	138	138	0.75	1/2	1/2	Chord	4/4	3	1	3/16	1/8	3/2	679	E-									
35	35	555/4	555/4	0.25	11/16	11/16	Chord	4/4	3	1	1/16	1/16	1	680										
35	35	139	139	0.5	3/4	3/4	Chord	4/4	3	1	1/8	1/8	1	681	-tiam									
35	35	279/2	279/2	0.5	7/8	7/8	Chord	4/4	3	1	1/8	1/8	1	682	pro									
35	35	136	136	1.0	0	0	Chord	4/4	4	1	1/4	1/4	1	683										
35	35	136	136	1.0	0	0	Chord	4/4	5	1	1/4	1/4	1	684										
35	35	138	138	0.75	1/2	1/2	Chord	4/4	5	1	3/16	1/8	3/2	685										
35	35	555/4	555/4	0.25	11/16	11/16	Chord	4/4	5	1	1/16	1/16	1	686										
35	35	139	139	0.5	3/4	3/4	Chord	4/4	5	1	1/8	1/8	1	687										
35	35	279/2	279/2	0.5	7/8	7/8	Chord	4/4	5	1	1/8	1/8	1	688										
36	36	140	140	2.0	0	0	Chord	4/4	1	1	1/2	1/2	1	689	-ti-									
36	36	142	142	2.0	1/2	1/2	Chord	4/4	1	1	1/2	1/2	1	690	---									
36	36	140	140	0.5	0	0	Chord	4/4	3	1	1/8	1/8	1	691	no-									
36	36	281/2	281/2	0.25	1/8	1/8	Chord	4/4	3	1	1/16	1/16	1	692										
36	36	563/4	563/4	0.25	3/16	3/16	Chord	4/4	3	1	1/16	1/16	1	693										
36	36	141	141	0.5	1/4	1/4	Chord	4/4	3	1	1/8	1/8	1	694										
36	36	283/2	283/2	0.5	3/8	3/8	Chord	4/4	3	1	1/8	1/8	1	695										
36	36	142	142	0.5	1/2	1/2	Chord	4/4	3	1	1/8	1/8	1	696										
36	36	285/2	285/2	0.25	5/8	5/8	Chord	4/4	3	1	1/16	1/16	1	697										
36	36	571/4	571/4	0.25	11/16	11/16	Chord	4/4	3	1	1/16	1/16	1	698										
36	36	143	143	0.5	3/4	3/4	Chord	4/4	3	1	1/8	1/8	1	699										
36	36	287/2	287/2	0.5	7/8	7/8	Chord	4/4	3	1	1/8	1/8	1	700										
36	36	140	140	0.5	0	0	Chord	4/4	5	1	1/8	1/8	1	701										
36	36	281/2	281/2	0.25	1/8	1/8	Chord	4/4	5	1	1/16	1/16	1	702										
36	36	563/4	563/4	0.25	3/16	3/16	Chord	4/4	5	1	1/16	1/16	1	703										
36	36	141	141	0.5	1/4	1/4	Chord	4/4	5	1	1/8	1/8	1	704										
36	36	283/2	283/2	0.5	3/8	3/8	Chord	4/4	5	1	1/8	1/8	1	705										
36	36	142	142	0.5	1/2	1/2	Chord	4/4	5	1	1/8	1/8	1	706										
36	36	285/2	285/2	0.25	5/8	5/8	Chord	4/4	5	1	1/16	1/16	1	707										
36	36	571/4	571/4	0.25	11/16	11/16	Chord	4/4	5	1	1/16	1/16	1	708										
36	36	143	143	0.5	3/4	3/4	Chord	4/4	5	1	1/8	1/8	1	709										
36	36	287/2	287/2	0.5	7/8	7/8	Chord	4/4	5	1	1/8	1/8	1	710										
37	37	144	144	2.0	0	0	Chord	4/4	1	1	1/2	1/2	1	711	-xw									
37	37	144	144	2.0	0	0	Chord	4/4	2	1	1/2	1/2	1	712	Crl-									
37	37	146	146	2.0	1/2	1/2	Chord	4/4	2	1	1/2	1/2	1	713	-ci									
37	37	144	144	1.0	0	0	Chord	4/4	3	1	1/4	1/4	1	714										
37	37	145	145	0.5	1/4	1/4	Chord	4/4	3	1	1/8	1/8	1	715	---									
37	37	291/2	291/2	0.5	3/8	3/8	Chord	4/4	3	1	1/8	1/8	1	716										
37	37	146	146	1.0	1/2	1/2	Chord	4/4	3	1	1/4	1/4	1	717										
37	37	147	147	1.0	3/4	3/4	Chord	4/4	3	1	1/4	1/4	1	718	-bis,									
37	37	146	146	0.75	1/2	1/2	Chord	4/4	4	1	3/16	1/8	3/2	719	E-									
37	37	587/4	587/4	0.25	11/16	11/16	Chord	4/4	4	1	1/16	1/16	1	720										
37	37	147	147	0.5	3/4	3/4	Chord	4/4	4	1	1/8	1/8	1	721	-tiam									
37	37	295/2	295/2	0.5	7/8	7/8	Chord	4/4	4	1	1/8	1/8	1	722	pro									
37	37	144	144	1.0	0	0	Chord	4/4	5	1	1/4	1/4	1	723										
37	37	145	145	0.5	1/4	1/4	Chord	4/4	5	1	1/8	1/8	1	724										
37	37	291/2	291/2	0.5	3/8	3/8	Chord	4/4	5	1	1/8	1/8	1	725										
37	37	146	146	0.75	1/2	1/2	Chord	4/4	5	1	3/16	1/8	3/2	726										
37	37	587/4	587/4	0.25	11/16	11/16	Chord	4/4	5	1	1/16	1/16	1	727										
37	37	147	147	0.5	3/4	3/4	Chord	4/4	5	1	1/8	1/8	1	728										
37	37	295/2	295/2	0.5	7/8	7/8	Chord	4/4	5	1	1/8	1/8	1	729										
38	38	148	148	2.0	0	0	Chord	4/4	2	1	1/2	1/2	1	730	ti									
38	38	150	150	2.0	1/2	1/2	Chord	4/4	2	1	1/2	1/2	1	731										
38	38	297/2	297/2	0.5	1/8	1/8	Chord	4/4	3	1	1/8	1/8	1	732	pm									
38	38	149	149	0.5	1/4	1/4	Chord	4/4	3	1	1/8	1/8	1	733	no-									
38	38	299/2	299/2	0.25	3/8	3/8	Chord	4/4	3	1	1/16	1/16	1	734										
38	38	599/4	599/4	0.25	7/16	7/16	Chord	4/4	3	1	1/16	1/16	1	735										
38	38	150	150	0.5	1/2	1/2	Chord	4/4	3	1	1/8	1/8	1	736										
38	38	301/2	301/2	0.5	5/8	5/8	Chord	4/4	3	1	1/8	1/8	1	737										
38	38	151	151	0.5	3/4	3/4	Chord	4/4	3	1	1/8	1/8	1	738	--									
38	38	303/2	303/2	0.5	7/8	7/8	Chord	4/4	3	1	1/8	1/8	1	739										
38	38	148	148	0.5	0	0	Chord	4/4	4	1	1/8	1/8	1	740	no									
38	38	297/2	297/2	0.25	1/8	1/8	Chord	4/4	4	1	1/16	1/16	1	741										
38	38	595/4	595/4	0.25	3/16	3/16	Chord	4/4	4	1	1/16	1/16	1	742										
38	38	149	149	0.5	1/4	1/4	Chord	4/4	4	1	1/8	1/8	1	743										
38	38	299/2	299/2	0.5	3/8	3/8	Chord	4/4	4	1	1/8	1/8	1	744										
38	38	150	150	0.5	1/2	1/2	Chord	4/4	4	1	1/8	1/8	1	745										
38	38	301/2	301/2	0.25	5/8	5/8	Chord	4/4	4	1	1/16	1/16	1	746										
38	38	603/4	603/4	0.25	11/16	11/16	Chord	4/4	4	1	1/16	1/16	1	747										
38	38	151	151	0.5	3/4	3/4	Chord	4/4	4	1	1/8	1/8	1	748										
38	38	303/2	303/2	0.5	7/8	7/8	Chord	4/4	4	1	1/8	1/8	1	749										
38	38	148	148	0.5	0	0	Chord	4/4	5	1	1/8	1/8	1	750										
38	38	297/2	297/2	0.25	1/8	1/8	Chord	4/4	5	1	1/16	1/16	1	751										
38	38	595/4	595/4	0.25	3/16	3/16	Chord	4/4	5	1	1/16	1/16	1	752										
38	38	149	149	0.5	1/4	1/4	Chord	4/4	5	1	1/8	1/8	1	753										
38	38	299/2	299/2	0.5	3/8	3/8	Chord	4/4	5	1	1/8	1/8	1	754										
38	38	150	150	0.5	1/2	1/2	Chord	4/4	5	1	1/8	1/8	1	755										
38	38	301/2	301/2	0.25	5/8	5/8	Chord	4/4	5	1	1/16	1/16	1	756										
38	38	603/4	603/4	0.25	11/16	11/16	Chord	4/4	5	1	1/16	1/16	1	757										
38	38	151	151	0.5	3/4	3/4	Chord	4/4	5	1	1/8	1/8	1	758										
38	38	303/2	303/2	0.5	7/8	7/8	Chord	4/4	5	1	1/8	1/8	1	759										
39	39	154	154	0.75	1/2	1/2	Chord	4/4	1	1	3/16	1/8	3/2	760	e-									
39	39	619/4	619/4	0.25	11/16	11/16	Chord	4/4	1	1	1/16	1/16	1	761										
39	39	155	155	0.5	3/4	3/4	Chord	4/4	1	1	1/8	1/8	1	762	-tiam									
39	39	311/2	311/2	0.5	7/8	7/8	Chord	4/4	1	1	1/8	1/8	1	763	pro									
39	39	152	152	3.0	0	0	Chord	4/4	2	1	3/4	1/2	3/2	764	xw									
39	39	155	155	1.0	3/4	3/4	Chord	4/4	2	1	1/4	1/4	1	765	e-									
39	39	152	152	0.5	0	0	Chord	4/4	3	1	1/8	1/8	1	766	--									
39	39	305/2	305/2	0.25	1/8	1/8	Chord	4/4	3	1	1/16	1/16	1	767										
39	39	611/4	611/4	0.25	3/16	3/16	Chord	4/4	3	1	1/16	1/16	1	768										
39	39	153	153	1.0	1/4	1/4	Chord	4/4	3	1	1/4	1/4	1	769										
39	39	154	154	1.0	1/2	1/2	Chord	4/4	3	1	1/4	1/4	1	770	-bis,									
39	39	152	152	0.5	0	0	Chord	4/4	4	1	1/8	1/8	1	771										
39	39	305/2	305/2	0.25	1/8	1/8	Chord	4/4	4	1	1/16	1/16	1	772										
39	39	611/4	611/4	0.25	3/16	3/16	Chord	4/4	4	1	1/16	1/16	1	773										
39	39	153	153	0.5	1/4	1/4	Chord	4/4	4	1	1/8	1/8	1	774										
39	39	307/2	307/2	0.5	3/8	3/8	Chord	4/4	4	1	1/8	1/8	1	775										
39	39	154	154	0.5	1/2	1/2	Chord	4/4	4	1	1/8	1/8	1	776										
39	39	309/2	309/2	0.5	5/8	5/8	Chord	4/4	4	1	1/8	1/8	1	777	bis,									
39	39	155	155	0.75	3/4	3/4	Chord	4/4	4	1	3/16	1/8	3/2	778	e-									
39	39	623/4	623/4	0.25	15/16	15/16	Chord	4/4	4	1	1/16	1/16	1	779	-ti-									
39	39	152	152	0.5	0	0	Chord	4/4	5	1	1/8	1/8	1	780										
39	39	305/2	305/2	0.25	1/8	1/8	Chord	4/4	5	1	1/16	1/16	1	781										
39	39	611/4	611/4	0.25	3/16	3/16	Chord	4/4	5	1	1/16	1/16	1	782										
39	39	153	153	0.5	1/4	1/4	Chord	4/4	5	1	1/8	1/8	1	783										
39	39	307/2	307/2	0.5	3/8	3/8	Chord	4/4	5	1	1/8	1/8	1	784										
39	39	154	154	0.5	1/2	1/2	Chord	4/4	5	1	1/8	1/8	1	785										
39	39	309/2	309/2	0.5	5/8	5/8	Chord	4/4	5	1	1/8	1/8	1	786										
39	39	155	155	0.75	3/4	3/4	Chord	4/4	5	1	3/16	1/8	3/2	787										
39	39	623/4	623/4	0.25	15/16	15/16	Chord	4/4	5	1	1/16	1/16	1	788										
40	40	156	156	0.5	0	0	Chord	4/4	1	1	1/8	1/8	1	789	no-									
40	40	313/2	313/2	0.25	1/8	1/8	Chord	4/4	1	1	1/16	1/16	1	790										
40	40	627/4	627/4	0.25	3/16	3/16	Chord	4/4	1	1	1/16	1/16	1	791										
40	40	157	157	0.5	1/4	1/4	Chord	4/4	1	1	1/8	1/8	1	792										
40	40	315/2	315/2	0.5	3/8	3/8	Chord	4/4	1	1	1/8	1/8	1	793										
40	40	158	158	0.5	1/2	1/2	Chord	4/4	1	1	1/8	1/8	1	794	---									
40	40	317/2	317/2	0.25	5/8	5/8	Chord	4/4	1	1	1/16	1/16	1	795										
40	40	635/4	635/4	0.25	11/16	11/16	Chord	4/4	1	1	1/16	1/16	1	796										
40	40	159	159	0.5	3/4	3/4	Chord	4/4	1	1	1/8	1/8	1	797										
40	40	319/2	319/2	0.5	7/8	7/8	Chord	4/4	1	1	1/8	1/8	1	798										
40	40	156	156	0.5	0	0	Chord	4/4	2	1	1/8	1/8	1	799										
40	40	313/2	313/2	0.5	1/8	1/8	Chord	4/4	2	1	1/8	1/8	1	800	-ti-									
40	40	157	157	0.5	1/4	1/4	Chord	4/4	2	1	1/8	1/8	1	801	-am									
40	40	315/2	315/2	0.5	3/8	3/8	Chord	4/4	2	1	1/8	1/8	1	802	pm									
40	40	158	158	0.5	1/2	1/2	Chord	4/4	2	1	1/8	1/8	1	803	no-									
40	40	317/2	317/2	0.25	5/8	5/8	Chord	4/4	2	1	1/16	1/16	1	804										
40	40	635/4	635/4	0.25	11/16	11/16	Chord	4/4	2	1	1/16	1/16	1	805										
40	40	159	159	0.5	3/4	3/4	Chord	4/4	2	1	1/8	1/8	1	806										
40	40	319/2	319/2	0.5	7/8	7/8	Chord	4/4	2	1	1/8	1/8	1	807										
40	40	313/2	313/2	0.5	1/8	1/8	Chord	4/4	3	1	1/8	1/8	1	808	pro									
40	40	157	157	0.5	1/4	1/4	Chord	4/4	3	1	1/8	1/8	1	809	no-									
40	40	315/2	315/2	0.25	3/8	3/8	Chord	4/4	3	1	1/16	1/16	1	810										
40	40	631/4	631/4	0.25	7/16	7/16	Chord	4/4	3	1	1/16	1/16	1	811										
40	40	158	158	0.5	1/2	1/2	Chord	4/4	3	1	1/8	1/8	1	812										
40	40	317/2	317/2	0.5	5/8	5/8	Chord	4/4	3	1	1/8	1/8	1	813										
40	40	159	159	0.5	3/4	3/4	Chord	4/4	3	1	1/8	1/8	1	814	---									
40	40	319/2	319/2	0.25	7/8	7/8	Chord	4/4	3	1	1/16	1/16	1	815										
40	40	639/4	639/4	0.25	15/16	15/16	Chord	4/4	3	1	1/16	1/16	1	816										
40	40	156	156	0.5	0	0	Chord	4/4	4	1	1/8	1/8	1	817	-am									
40	40	313/2	313/2	0.5	1/8	1/8	Chord	4/4	4	1	1/8	1/8	1	818	pro									
40	40	157	157	0.5	1/4	1/4	Chord	4/4	4	1	1/8	1/8	1	819	no-									
40	40	315/2	315/2	0.25	3/8	3/8	Chord	4/4	4	1	1/16	1/16	1	820										
40	40	631/4	631/4	0.25	7/16	7/16	Chord	4/4	4	1	1/16	1/16	1	821										
40	40	158	158	0.5	1/2	1/2	Chord	4/4	4	1	1/8	1/8	1	822										
40	40	317/2	317/2	0.5	5/8	5/8	Chord	4/4	4	1	1/8	1/8	1	823										
40	40	159	159	0.5	3/4	3/4	Chord	4/4	4	1	1/8	1/8	1	824										
40	40	319/2	319/2	0.25	7/8	7/8	Chord	4/4	4	1	1/16	1/16	1	825										
40	40	639/4	639/4	0.25	15/16	15/16	Chord	4/4	4	1	1/16	1/16	1	826										
40	40	156	156	0.5	0	0	Chord	4/4	5	1	1/8	1/8	1	827										
40	40	313/2	313/2	0.5	1/8	1/8	Chord	4/4	5	1	1/8	1/8	1	828										
40	40	157	157	0.5	1/4	1/4	Chord	4/4	5	1	1/8	1/8	1	829										
40	40	315/2	315/2	0.25	3/8	3/8	Chord	4/4	5	1	1/16	1/16	1	830										
40	40	631/4	631/4	0.25	7/16	7/16	Chord	4/4	5	1	1/16	1/16	1	831										
40	40	158	158	0.5	1/2	1/2	Chord	4/4	5	1	1/8	1/8	1	832										
40	40	317/2	317/2	0.5	5/8	5/8	Chord	4/4	5	1	1/8	1/8	1	833										
40	40	159	159	0.5	3/4	3/4	Chord	4/4	5	1	1/8	1/8	1	834										
40	40	319/2	319/2	0.25	7/8	7/8	Chord	4/4	5	1	1/16	1/16	1	835										
40	40	639/4	639/4	0.25	15/16	15/16	Chord	4/4	5	1	1/16	1/16	1	836										
41	41	160	160	0.5	0	0	Chord	4/4	1	1	1/8	1/8	1	837										
41	41	321/2	321/2	0.25	1/8	1/8	Chord	4/4	1	1	1/16	1/16	1	838	---									
41	41	643/4	643/4	0.25	3/16	3/16	Chord	4/4	1	1	1/16	1/16	1	839										
41	41	161	161	0.5	1/4	1/4	Chord	4/4	1	1	1/8	1/8	1	840										
41	41	323/2	323/2	0.5	3/8	3/8	Chord	4/4	1	1	1/8	1/8	1	841										
41	41	162	162	0.5	1/2	1/2	Chord	4/4	1	1	1/8	1/8	1	842										
41	41	325/2	325/2	0.5	5/8	5/8	Chord	4/4	1	1	1/8	1/8	1	843										
41	41	163	163	1.0	3/4	3/4	Chord	4/4	1	1	1/4	1/4	1	844										
41	41	160	160	0.5	0	0	Chord	4/4	2	1	1/8	1/8	1	845										
41	41	321/2	321/2	0.25	1/8	1/8	Chord	4/4	2	1	1/16	1/16	1	846										
41	41	643/4	643/4	0.25	3/16	3/16	Chord	4/4	2	1	1/16	1/16	1	847										
41	41	161	161	0.5	1/4	1/4	Chord	4/4	2	1	1/8	1/8	1	848										
41	41	323/2	323/2	0.5	3/8	3/8	Chord	4/4	2	1	1/8	1/8	1	849										
41	41	162	162	0.5	1/2	1/2	Chord	4/4	2	1	1/8	1/8	1	850										
41	41	325/2	325/2	0.5	5/8	5/8	Chord	4/4	2	1	1/8	1/8	1	851	---									
41	41	163	163	0.5	3/4	3/4	Chord	4/4	2	1	1/8	1/8	1	852										
41	41	327/2	327/2	0.25	7/8	7/8	Chord	4/4	2	1	1/16	1/16	1	853										
41	41	655/4	655/4	0.25	15/16	15/16	Chord	4/4	2	1	1/16	1/16	1	854										
41	41	160	160	0.5	0	0	Chord	4/4	3	1	1/8	1/8	1	855										
41	41	321/2	321/2	0.5	1/8	1/8	Chord	4/4	3	1	1/8	1/8	1	856										
41	41	161	161	0.5	1/4	1/4	Chord	4/4	3	1	1/8	1/8	1	857										
41	41	323/2	323/2	0.5	3/8	3/8	Chord	4/4	3	1	1/8	1/8	1	858										
41	41	162	162	1.0	1/2	1/2	Chord	4/4	3	1	1/4	1/4	1	859	-bis:									
41	41	160	160	0.5	0	0	Chord	4/4	4	1	1/8	1/8	1	860										
41	41	321/2	321/2	0.5	1/8	1/8	Chord	4/4	4	1	1/8	1/8	1	861										
41	41	161	161	0.5	1/4	1/4	Chord	4/4	4	1	1/8	1/8	1	862										
41	41	323/2	323/2	0.5	3/8	3/8	Chord	4/4	4	1	1/8	1/8	1	863	--									
41	41	162	162	0.5	1/2	1/2	Chord	4/4	4	1	1/8	1/8	1	864										
41	41	325/2	325/2	0.5	5/8	5/8	Chord	4/4	4	1	1/8	1/8	1	865	bis:									
41	41	160	160	0.5	0	0	Chord	4/4	5	1	1/8	1/8	1	866										
41	41	321/2	321/2	0.5	1/8	1/8	Chord	4/4	5	1	1/8	1/8	1	867										
41	41	161	161	0.5	1/4	1/4	Chord	4/4	5	1	1/8	1/8	1	868										
41	41	323/2	323/2	0.5	3/8	3/8	Chord	4/4	5	1	1/8	1/8	1	869										
41	41	162	162	0.5	1/2	1/2	Chord	4/4	5	1	1/8	1/8	1	870										
41	41	325/2	325/2	0.5	5/8	5/8	Chord	4/4	5	1	1/8	1/8	1	871										
41	41	163	163	0.5	3/4	3/4	Chord	4/4	5	1	1/8	1/8	1	872										
41	41	327/2	327/2	0.25	7/8	7/8	Chord	4/4	5	1	1/16	1/16	1	873										
41	41	655/4	655/4	0.25	15/16	15/16	Chord	4/4	5	1	1/16	1/16	1	874										
41	41	163	163	1.0	3/4	3/4	Chord	4/4	5	2	1/4	1/4	1	875										
42	42	164	164	1.0	0	0	Chord	4/4	1	1	1/4	1/4	1	876										
42	42	165	165	1.0	1/4	1/4	Chord	4/4	1	1	1/4	1/4	1	877	-bis:									
42	42	164	164	2.0	0	0	Chord	4/4	2	1	1/2	1/2	1	878										
42	42	166	166	1.0	1/2	1/2	Chord	4/4	2	1	1/4	1/4	1	879	-bis:									
42	42	167	167	1.0	3/4	3/4	Chord	4/4	2	1	1/4	1/4	1	880	Pas-									
42	42	165	165	1.0	1/4	1/4	Chord	4/4	4	1	1/4	1/4	1	881	Sub									
42	42	166	166	1.5	1/2	1/2	Chord	4/4	4	1	3/8	1/4	3/2	882	Pon-									
42	42	335/2	335/2	0.5	7/8	7/8	Chord	4/4	4	1	1/8	1/8	1	883	-ti-									
42	42	164	164	1.0	0	0	Chord	4/4	5	1	1/4	1/4	1	884										
42	42	164	164	1.0	0	0	Chord	4/4	5	2	1/4	1/4	1	885										
42	42	165	165	1.0	1/4	1/4	Chord	4/4	5	2	1/4	1/4	1	886										
42	42	166	166	1.5	1/2	1/2	Chord	4/4	5	2	3/8	1/4	3/2	887										
42	42	335/2	335/2	0.5	7/8	7/8	Chord	4/4	5	2	1/8	1/8	1	888										
43	43	169	169	2.0	1/4	1/4	Chord	4/4	1	1	1/2	1/2	1	889	Pas-									
43	43	171	171	0.5	3/4	3/4	Chord	4/4	1	1	1/8	1/8	1	890										
43	43	343/2	343/2	0.5	7/8	7/8	Chord	4/4	1	1	1/8	1/8	1	891										
43	43	168	168	1.0	0	0	Chord	4/4	2	1	1/4	1/4	1	892	--									
43	43	169	169	1.0	1/4	1/4	Chord	4/4	2	1	1/4	1/4	1	893	sus									
43	43	170	170	1.0	1/2	1/2	Chord	4/4	2	1	1/4	1/4	1	894	et									
43	43	171	171	1.0	3/4	3/4	Chord	4/4	2	1	1/4	1/4	1	895	se-									
43	43	168	168	1.0	0	0	Chord	4/4	4	1	1/4	1/4	1	896	-o									
43	43	169	169	1.0	1/4	1/4	Chord	4/4	4	1	1/4	1/4	1	897	Pi-									
43	43	170	170	0.0	1/2	1/2	StaffText	4/4	4	1	0						"<font size=""7""/><font face=""Times New Roman""/>1"							
43	43	170	170	0.5	1/2	1/2	Chord	4/4	4	1	1/8	1/8	1	898	-la-									
43	43	341/2	341/2	0.5	5/8	5/8	Chord	4/4	4	1	1/8	1/8	1	899										
43	43	171	171	1.0	3/4	3/4	Chord	4/4	4	1	1/4	1/4	1	900										
43	43	168	168	1.0	0	0	Chord	4/4	5	1	1/4	1/4	1	901										
43	43	169	169	1.0	1/4	1/4	Chord	4/4	5	1	1/4	1/4	1	902										
43	43	170	170	0.5	1/2	1/2	Chord	4/4	5	1	1/8	1/8	1	903										
43	43	341/2	341/2	0.5	5/8	5/8	Chord	4/4	5	1	1/8	1/8	1	904										
43	43	171	171	1.0	3/4	3/4	Chord	4/4	5	1	1/4	1/4	1	905										
44	44	172	172	1.0	0	0	Chord	4/4	1	1	1/4	1/4	1	906										
44	44	173	173	1.0	1/4	1/4	Chord	4/4	1	1	1/4	1/4	1	907	-sus									
44	44	175	175	1.0	3/4	3/4	Chord	4/4	1	1	1/4	1/4	1	908	sub									
44	44	172	172	1.0	0	0	Chord	4/4	2	1	1/4	1/4	1	909	-pul-									14
44	44	173	173	2.0	1/4	1/4	Chord	4/4	2	1	1/2	1/2	1	910										
44	44	175	175	1.0	3/4	3/4	Chord	4/4	2	1	1/4	1/4	1	911	-tus									
44	44	174	174	2.0	1/2	1/2	Chord	4/4	3	1	1/2	1/2	1	912	Pas-									
44	44	172	172	1.0	0	0	Chord	4/4	4	1	1/4	1/4	1	913										
44	44	173	173	1.0	1/4	1/4	Chord	4/4	4	1	1/4	1/4	1	914	-to									
44	44	174	174	1.0	1/2	1/2	Chord	4/4	4	1	1/4	1/4	1	915	pas-									15
44	44	175	175	1.0	3/4	3/4	Chord	4/4	4	1	1/4	1/4	1	916										
44	44	172	172	1.0	0	0	Chord	4/4	5	1	1/4	1/4	1	917										
44	44	173	173	1.0	1/4	1/4	Chord	4/4	5	1	1/4	1/4	1	918										
44	44	174	174	1.0	1/2	1/2	Chord	4/4	5	1	1/4	1/4	1	919										
44	44	175	175	1.0	3/4	3/4	Chord	4/4	5	1	1/4	1/4	1	920										
45	45	176	176	1.5	0	0	Chord	4/4	1	1	3/8	1/4	3/2	921	Pon-									
45	45	355/2	355/2	0.5	3/8	3/8	Chord	4/4	1	1	1/8	1/8	1	922	-ti-									
45	45	178	178	1.0	1/2	1/2	Chord	4/4	1	1	1/4	1/4	1	923	-o									
45	45	179	179	1.0	3/4	3/4	Chord	4/4	1	1	1/4	1/4	1	924	Pi-									
45	45	176	176	2.0	0	0	Chord	4/4	2	1	1/2	1/2	1	925	est,									
45	45	179	179	1.0	3/4	3/4	Chord	4/4	2	1	1/4	1/4	1	926	pas-									
45	45	176	176	1.0	0	0	Chord	4/4	3	1	1/4	1/4	1	927										
45	45	177	177	1.0	1/4	1/4	Chord	4/4	3	1	1/4	1/4	1	928	-sus,									
45	45	178	178	2.0	1/2	1/2	Chord	4/4	3	1	1/2	1/2	1	929	pas-									
45	45	176	176	1.0	0	0	Chord	4/4	4	1	1/4	1/4	1	930	-sw,									
45	45	177	177	2.0	1/4	1/4	Chord	4/4	4	1	1/2	1/2	1	931	pas-									
45	45	179	179	1.0	3/4	3/4	Chord	4/4	4	1	1/4	1/4	1	932	-sw									
45	45	176	176	1.0	0	0	Chord	4/4	5	1	1/4	1/4	1	933										
45	45	177	177	2.0	1/4	1/4	Chord	4/4	5	1	1/2	1/2	1	934										
45	45	179	179	1.0	3/4	3/4	Chord	4/4	5	1	1/4	1/4	1	935										
46	46	180	180	0.5	0	0	Chord	4/4	1	1	1/8	1/8	1	936	-la-									
46	46	361/2	361/2	0.5	1/8	1/8	Chord	4/4	1	1	1/8	1/8	1	937										
46	46	181	181	2.0	1/4	1/4	Chord	4/4	1	1	1/2	1/2	1	938										
46	46	183	183	1.0	3/4	3/4	Chord	4/4	1	1	1/4	1/4	1	939	--									
46	46	180	180	1.0	0	0	Chord	4/4	2	1	1/4	1/4	1	940										
46	46	181	181	1.0	1/4	1/4	Chord	4/4	2	1	1/4	1/4	1	941	-sus,									
46	46	182	182	1.5	1/2	1/2	Chord	4/4	2	1	3/8	1/4	3/2	942	pas-									
46	46	367/2	367/2	0.5	7/8	7/8	Chord	4/4	2	1	1/8	1/8	1	943	-sw									
46	46	180	180	1.5	0	0	Chord	4/4	3	1	3/8	1/4	3/2	944										
46	46	363/2	363/2	0.5	3/8	3/8	Chord	4/4	3	1	1/8	1/8	1	945										
46	46	182	182	1.0	1/2	1/2	Chord	4/4	3	1	1/4	1/4	1	946										
46	46	183	183	1.0	3/4	3/4	Chord	4/4	3	1	1/4	1/4	1	947										
46	46	180	180	1.0	0	0	Chord	4/4	4	1	1/4	1/4	1	948	et									
46	46	181	181	1.0	1/4	1/4	Chord	4/4	4	1	1/4	1/4	1	949	se-									
46	46	182	182	1.0	1/2	1/2	Chord	4/4	4	1	1/4	1/4	1	950	-pul-									
46	46	183	183	1.0	3/4	3/4	Chord	4/4	4	1	1/4	1/4	1	951	-tus									
46	46	180	180	1.0	0	0	Chord	4/4	5	1	1/4	1/4	1	952										
46	46	181	181	1.0	1/4	1/4	Chord	4/4	5	1	1/4	1/4	1	953										
46	46	182	182	1.0	1/2	1/2	Chord	4/4	5	1	1/4	1/4	1	954										
46	46	183	183	1.0	3/4	3/4	Chord	4/4	5	1	1/4	1/4	1	955										
47	47	184	184	1.0	0	0	Chord	4/4	1	1	1/4	1/4	1	956	to,									
47	47	185	185	2.0	1/4	1/4	Chord	4/4	1	1	1/2	1/2	1	957	pas-									
47	47	187	187	1.0	3/4	3/4	Chord	4/4	1	1	1/4	1/4	1	958	-sw,									
47	47	184	184	1.0	0	0	Chord	4/4	2	1	1/4	1/4	1	959	et									
47	47	185	185	1.0	1/4	1/4	Chord	4/4	2	1	1/4	1/4	1	960	se-									
47	47	186	186	1.0	1/2	1/2	Chord	4/4	2	1	1/4	1/4	1	961	-pul-									
47	47	187	187	1.0	3/4	3/4	Chord	4/4	2	1	1/4	1/4	1	962	-tw,									
47	47	184	184	1.0	0	0	Chord	4/4	3	1	1/4	1/4	1	963										
47	47	185	185	1.0	1/4	1/4	Chord	4/4	3	1	1/4	1/4	1	964										
47	47	186	186	1.0	1/2	1/2	Chord	4/4	3	1	1/4	1/4	1	965										
47	47	187	187	1.0	3/4	3/4	Chord	4/4	3	1	1/4	1/4	1	966										
47	47	184	184	2.0	0	0	Chord	4/4	4	1	1/2	1/2	1	967	est,									
47	47	187	187	1.0	3/4	3/4	Chord	4/4	4	1	1/4	1/4	1	968	pa-									
47	47	184	184	2.0	0	0	Chord	4/4	5	1	1/2	1/2	1	969										
47	47	187	187	1.0	3/4	3/4	Chord	4/4	5	1	1/4	1/4	1	970										
48	48	188	188	1.0	0	0	Chord	4/4	1	1	1/4	1/4	1	971	pa-									
48	48	189	189	2.0	1/4	1/4	Chord	4/4	1	1	1/2	1/2	1	972										
48	48	191	191	1.0	3/4	3/4	Chord	4/4	1	1	1/4	1/4	1	973										
48	48	188	188	1.0	0	0	Chord	4/4	2	1	1/4	1/4	1	974	pas-									
48	48	189	189	1.0	1/4	1/4	Chord	4/4	2	1	1/4	1/4	1	975										
48	48	190	190	0.5	1/2	1/2	Chord	4/4	2	1	1/8	1/8	1	976										
48	48	381/2	381/2	0.5	5/8	5/8	Chord	4/4	2	1	1/8	1/8	1	977										
48	48	191	191	0.5	3/4	3/4	Chord	4/4	2	1	1/8	1/8	1	978										
48	48	383/2	383/2	0.5	7/8	7/8	Chord	4/4	2	1	1/8	1/8	1	979										
48	48	188	188	0.5	0	0	Chord	4/4	3	1	1/8	1/8	1	980										
48	48	377/2	377/2	0.5	1/8	1/8	Chord	4/4	3	1	1/8	1/8	1	981	--									
48	48	189	189	1.0	1/4	1/4	Chord	4/4	3	1	1/4	1/4	1	982										
48	48	190	190	1.0	1/2	1/2	Chord	4/4	3	1	1/4	1/4	1	983	sus,									
48	48	191	191	0.5	3/4	3/4	Chord	4/4	3	1	1/8	1/8	1	984	pas-									
48	48	383/2	383/2	0.5	7/8	7/8	Chord	4/4	3	1	1/8	1/8	1	985										
48	48	188	188	1.0	0	0	Chord	4/4	4	1	1/4	1/4	1	986										
48	48	189	189	1.0	1/4	1/4	Chord	4/4	4	1	1/4	1/4	1	987										
48	48	190	190	1.0	1/2	1/2	Chord	4/4	4	1	1/4	1/4	1	988										
48	48	191	191	1.0	3/4	3/4	Chord	4/4	4	1	1/4	1/4	1	989										
48	48	188	188	1.0	0	0	Chord	4/4	5	1	1/4	1/4	1	990										
48	48	189	189	1.0	1/4	1/4	Chord	4/4	5	1	1/4	1/4	1	991										
48	48	190	190	1.0	1/2	1/2	Chord	4/4	5	1	1/4	1/4	1	992										
48	48	191	191	1.0	3/4	3/4	Chord	4/4	5	1	1/4	1/4	1	993										
49	49	192	192	0.5	0	0	Chord	4/4	1	1	1/8	1/8	1	994										
49	49	385/2	385/2	0.5	1/8	1/8	Chord	4/4	1	1	1/8	1/8	1	995										
49	49	193	193	1.0	1/4	1/4	Chord	4/4	1	1	1/4	1/4	1	996										
49	49	194	194	0.5	1/2	1/2	Chord	4/4	1	1	1/8	1/8	1	997										
49	49	389/2	389/2	0.5	5/8	5/8	Chord	4/4	1	1	1/8	1/8	1	998	-sw									
49	49	195	195	0.5	3/4	3/4	Chord	4/4	1	1	1/8	1/8	1	999	et									
49	49	391/2	391/2	0.5	7/8	7/8	Chord	4/4	1	1	1/8	1/8	1	1000	se-									
49	49	192	192	0.5	0	0	Chord	4/4	2	1	1/8	1/8	1	1001										
49	49	385/2	385/2	0.5	1/8	1/8	Chord	4/4	2	1	1/8	1/8	1	1002	---									
49	49	193	193	0.5	1/4	1/4	Chord	4/4	2	1	1/8	1/8	1	1003										
49	49	387/2	387/2	0.25	3/8	3/8	Chord	4/4	2	1	1/16	1/16	1	1004										
49	49	775/4	775/4	0.25	7/16	7/16	Chord	4/4	2	1	1/16	1/16	1	1005										
49	49	194	194	0.5	1/2	1/2	Chord	4/4	2	1	1/8	1/8	1	1006										
49	49	389/2	389/2	0.5	5/8	5/8	Chord	4/4	2	1	1/8	1/8	1	1007										
49	49	195	195	1.0	3/4	3/4	Chord	4/4	2	1	1/4	1/4	1	1008	---									
49	49	192	192	0.5	0	0	Chord	4/4	3	1	1/8	1/8	1	1009										
49	49	385/2	385/2	0.5	1/8	1/8	Chord	4/4	3	1	1/8	1/8	1	1010										
49	49	193	193	1.0	1/4	1/4	Chord	4/4	3	1	1/4	1/4	1	1011										
49	49	194	194	0.5	1/2	1/2	Chord	4/4	3	1	1/8	1/8	1	1012										
49	49	389/2	389/2	0.5	5/8	5/8	Chord	4/4	3	1	1/8	1/8	1	1013										
49	49	195	195	1.0	3/4	3/4	Chord	4/4	3	1	1/4	1/4	1	1014	---									
49	49	192	192	1.0	0	0	Chord	4/4	4	1	1/4	1/4	1	1015										
49	49	193	193	1.0	1/4	1/4	Chord	4/4	4	1	1/4	1/4	1	1016	-sw									
49	49	194	194	1.5	1/2	1/2	Chord	4/4	4	1	3/8	1/4	3/2	1017	et									
49	49	391/2	391/2	0.5	7/8	7/8	Chord	4/4	4	1	1/8	1/8	1	1018	se-									
49	49	192	192	1.0	0	0	Chord	4/4	5	1	1/4	1/4	1	1019										
49	49	193	193	1.0	1/4	1/4	Chord	4/4	5	1	1/4	1/4	1	1020										
49	49	194	194	1.5	1/2	1/2	Chord	4/4	5	1	3/8	1/4	3/2	1021										
49	49	391/2	391/2	0.5	7/8	7/8	Chord	4/4	5	1	1/8	1/8	1	1022										
50	50	196	196	1.0	0	0	Chord	4/4	1	1	1/4	1/4	1	1023	-pul-									16
50	50	197	197	2.0	1/4	1/4	Chord	4/4	1	1	1/2	1/2	1	1024										
50	50	199	199	1.0	3/4	3/4	Chord	4/4	1	1	1/4	1/4	1	1025	-tus									
50	50	196	196	0.5	0	0	Chord	4/4	2	1	1/8	1/8	1	1026										
50	50	393/2	393/2	0.5	1/8	1/8	Chord	4/4	2	1	1/8	1/8	1	1027	-sus									
50	50	197	197	0.5	1/4	1/4	Chord	4/4	2	1	1/8	1/8	1	1028	et									
50	50	395/2	395/2	0.5	3/8	3/8	Chord	4/4	2	1	1/8	1/8	1	1029	se-									
50	50	198	198	1.5	1/2	1/2	Chord	4/4	2	1	3/8	1/4	3/2	1030	-pul-									
50	50	399/2	399/2	0.5	7/8	7/8	Chord	4/4	2	1	1/8	1/8	1	1031	-tus									
50	50	196	196	0.5	0	0	Chord	4/4	3	1	1/8	1/8	1	1032										
50	50	393/2	393/2	0.5	1/8	1/8	Chord	4/4	3	1	1/8	1/8	1	1033	-sus									
50	50	197	197	0.5	1/4	1/4	Chord	4/4	3	1	1/8	1/8	1	1034	et									
50	50	395/2	395/2	0.5	3/8	3/8	Chord	4/4	3	1	1/8	1/8	1	1035	se-									
50	50	198	198	1.5	1/2	1/2	Chord	4/4	3	1	3/8	1/4	3/2	1036	-pul-									
50	50	399/2	399/2	0.5	7/8	7/8	Chord	4/4	3	1	1/8	1/8	1	1037	-tus									
50	50	196	196	1.0	0	0	Chord	4/4	4	1	1/4	1/4	1	1038	-pul-									
50	50	197	197	1.0	1/4	1/4	Chord	4/4	4	1	1/4	1/4	1	1039	-tw									
50	50	198	198	2.0	1/2	1/2	Chord	4/4	4	1	1/2	1/2	1	1040	est.									
50	50	196	196	1.0	0	0	Chord	4/4	5	1	1/4	1/4	1	1041										
50	50	197	197	1.0	1/4	1/4	Chord	4/4	5	1	1/4	1/4	1	1042										
50	50	198	198	2.0	1/2	1/2	Chord	4/4	5	1	1/2	1/2	1	1043										
51	51	200	200	2.0	0	0	Chord	4/4	1	1	1/2	1/2	1	1044	est.									
51	51	200	200	1.0	0	0	Chord	4/4	2	1	1/4	1/4	1	1045	est.									
51	51	202	202	0.75	1/2	1/2	Chord	4/4	2	1	3/16	1/8	3/2	1046	E-									
51	51	811/4	811/4	0.25	11/16	11/16	Chord	4/4	2	1	1/16	1/16	1	1047	-ti-									
51	51	203	203	0.5	3/4	3/4	Chord	4/4	2	1	1/8	1/8	1	1048	-am									
51	51	407/2	407/2	0.5	7/8	7/8	Chord	4/4	2	1	1/8	1/8	1	1049	pm									
51	51	200	200	2.0	0	0	Chord	4/4	3	1	1/2	1/2	1	1050	est.									
51	51	200	200	2.0	0	0	Chord	4/4	4	1	1/2	1/2	1	1051	Crl-									
51	51	202	202	2.0	1/2	1/2	Chord	4/4	4	1	1/2	1/2	1	1052	-ci									
51	51	200	200	2.0	0	0	Chord	4/4	5	1	1/2	1/2	1	1053										
51	51	202	202	2.0	1/2	1/2	Chord	4/4	5	1	1/2	1/2	1	1054										
52	52	204	204	0.5	0	0	Chord	4/4	2	1	1/8	1/8	1	1055	nO-									
52	52	409/2	409/2	0.25	1/8	1/8	Chord	4/4	2	1	1/16	1/16	1	1056										
52	52	819/4	819/4	0.25	3/16	3/16	Chord	4/4	2	1	1/16	1/16	1	1057										
52	52	205	205	0.5	1/4	1/4	Chord	4/4	2	1	1/8	1/8	1	1058										
52	52	411/2	411/2	0.5	3/8	3/8	Chord	4/4	2	1	1/8	1/8	1	1059										
52	52	206	206	0.5	1/2	1/2	Chord	4/4	2	1	1/8	1/8	1	1060										
52	52	413/2	413/2	0.25	5/8	5/8	Chord	4/4	2	1	1/16	1/16	1	1061										
52	52	827/4	827/4	0.25	11/16	11/16	Chord	4/4	2	1	1/16	1/16	1	1062										
52	52	207	207	0.5	3/4	3/4	Chord	4/4	2	1	1/8	1/8	1	1063										
52	52	415/2	415/2	0.5	7/8	7/8	Chord	4/4	2	1	1/8	1/8	1	1064										
52	52	204	204	2.0	0	0	Chord	4/4	4	1	1/2	1/2	1	1065	ti									17
52	52	206	206	2.0	1/2	1/2	Chord	4/4	4	1	1/2	1/2	1	1066										
52	52	204	204	2.0	0	0	Chord	4/4	5	1	1/2	1/2	1	1067										
52	52	206	206	2.0	1/2	1/2	Chord	4/4	5	1	1/2	1/2	1	1068										
53	53	208	208	2.0	0	0	Chord	4/4	1	1	1/2	1/2	1	1069	Cru-									
53	53	210	210	2.0	1/2	1/2	Chord	4/4	1	1	1/2	1/2	1	1070	-ci									
53	53	208	208	0.5	0	0	Chord	4/4	2	1	1/8	1/8	1	1071										
53	53	417/2	417/2	0.5	1/8	1/8	Chord	4/4	2	1	1/8	1/8	1	1072										
53	53	209	209	0.5	1/4	1/4	Chord	4/4	2	1	1/8	1/8	1	1073										
53	53	419/2	419/2	0.5	3/8	3/8	Chord	4/4	2	1	1/8	1/8	1	1074	---									
53	53	210	210	2.0	1/2	1/2	Chord	4/4	2	1	1/2	1/2	1	1075										
53	53	208	208	0.75	0	0	Chord	4/4	3	1	3/16	1/8	3/2	1076	E-									
53	53	835/4	835/4	0.25	3/16	3/16	Chord	4/4	3	1	1/16	1/16	1	1077	-ti-									
53	53	209	209	0.5	1/4	1/4	Chord	4/4	3	1	1/8	1/8	1	1078	-am									
53	53	419/2	419/2	0.5	3/8	3/8	Chord	4/4	3	1	1/8	1/8	1	1079	pro									
53	53	210	210	1.0	1/2	1/2	Chord	4/4	3	1	1/4	1/4	1	1080	no-									
53	53	211	211	1.0	3/4	3/4	Chord	4/4	3	1	1/4	1/4	1	1081	-bis,									
53	53	208	208	2.0	0	0	Chord	4/4	4	1	1/2	1/2	1	1082	xls									
53	53	210	210	0.75	1/2	1/2	Chord	4/4	4	1	3/16	1/8	3/2	1083	e-									
53	53	843/4	843/4	0.25	11/16	11/16	Chord	4/4	4	1	1/16	1/16	1	1084	-ti-									
53	53	211	211	0.5	3/4	3/4	Chord	4/4	4	1	1/8	1/8	1	1085	-am									
53	53	423/2	423/2	0.5	7/8	7/8	Chord	4/4	4	1	1/8	1/8	1	1086	pro									
53	53	208	208	2.0	0	0	Chord	4/4	5	1	1/2	1/2	1	1087										
53	53	210	210	0.75	1/2	1/2	Chord	4/4	5	1	3/16	1/8	3/2	1088										
53	53	843/4	843/4	0.25	11/16	11/16	Chord	4/4	5	1	1/16	1/16	1	1089										
53	53	211	211	0.5	3/4	3/4	Chord	4/4	5	1	1/8	1/8	1	1090										
53	53	423/2	423/2	0.5	7/8	7/8	Chord	4/4	5	1	1/8	1/8	1	1091										
54	54	212	212	2.0	0	0	Chord	4/4	1	1	1/2	1/2	1	1092	ti									
54	54	214	214	2.0	1/2	1/2	Chord	4/4	1	1	1/2	1/2	1	1093										
54	54	212	212	1.0	0	0	Chord	4/4	2	1	1/4	1/4	1	1094										
54	54	213	213	1.0	1/4	1/4	Chord	4/4	2	1	1/4	1/4	1	1095										
54	54	214	214	0.5	1/2	1/2	Chord	4/4	2	1	1/8	1/8	1	1096										
54	54	429/2	429/2	0.5	5/8	5/8	Chord	4/4	2	1	1/8	1/8	1	1097										
54	54	215	215	1.0	3/4	3/4	Chord	4/4	2	1	1/4	1/4	1	1098										
54	54	425/2	425/2	0.5	1/8	1/8	Chord	4/4	3	1	1/8	1/8	1	1099	pro									
54	54	213	213	0.5	1/4	1/4	Chord	4/4	3	1	1/8	1/8	1	1100	no-									
54	54	427/2	427/2	0.25	3/8	3/8	Chord	4/4	3	1	1/16	1/16	1	1101										
54	54	855/4	855/4	0.25	7/16	7/16	Chord	4/4	3	1	1/16	1/16	1	1102										
54	54	214	214	0.5	1/2	1/2	Chord	4/4	3	1	1/8	1/8	1	1103										
54	54	429/2	429/2	0.5	5/8	5/8	Chord	4/4	3	1	1/8	1/8	1	1104	---									
54	54	215	215	0.5	3/4	3/4	Chord	4/4	3	1	1/8	1/8	1	1105										
54	54	431/2	431/2	0.5	7/8	7/8	Chord	4/4	3	1	1/8	1/8	1	1106										
54	54	212	212	0.5	0	0	Chord	4/4	4	1	1/8	1/8	1	1107	no									
54	54	425/2	425/2	0.25	1/8	1/8	Chord	4/4	4	1	1/16	1/16	1	1108										
54	54	851/4	851/4	0.25	3/16	3/16	Chord	4/4	4	1	1/16	1/16	1	1109										
54	54	213	213	0.5	1/4	1/4	Chord	4/4	4	1	1/8	1/8	1	1110										
54	54	427/2	427/2	0.5	3/8	3/8	Chord	4/4	4	1	1/8	1/8	1	1111										
54	54	214	214	0.5	1/2	1/2	Chord	4/4	4	1	1/8	1/8	1	1112										
54	54	429/2	429/2	0.25	5/8	5/8	Chord	4/4	4	1	1/16	1/16	1	1113										
54	54	859/4	859/4	0.25	11/16	11/16	Chord	4/4	4	1	1/16	1/16	1	1114										
54	54	215	215	0.5	3/4	3/4	Chord	4/4	4	1	1/8	1/8	1	1115										
54	54	431/2	431/2	0.5	7/8	7/8	Chord	4/4	4	1	1/8	1/8	1	1116										
54	54	212	212	0.5	0	0	Chord	4/4	5	1	1/8	1/8	1	1117										
54	54	425/2	425/2	0.25	1/8	1/8	Chord	4/4	5	1	1/16	1/16	1	1118										
54	54	851/4	851/4	0.25	3/16	3/16	Chord	4/4	5	1	1/16	1/16	1	1119										
54	54	213	213	0.5	1/4	1/4	Chord	4/4	5	1	1/8	1/8	1	1120										
54	54	427/2	427/2	0.5	3/8	3/8	Chord	4/4	5	1	1/8	1/8	1	1121										
54	54	214	214	0.5	1/2	1/2	Chord	4/4	5	1	1/8	1/8	1	1122										
54	54	429/2	429/2	0.25	5/8	5/8	Chord	4/4	5	1	1/16	1/16	1	1123										
54	54	859/4	859/4	0.25	11/16	11/16	Chord	4/4	5	1	1/16	1/16	1	1124										
54	54	215	215	0.5	3/4	3/4	Chord	4/4	5	1	1/8	1/8	1	1125										
54	54	431/2	431/2	0.5	7/8	7/8	Chord	4/4	5	1	1/8	1/8	1	1126										
55	55	216	216	0.0	0	0	StaffText	4/4	1	1	0						"<font size=""12""/><font face=""Times New Roman""/>5"							
55	55	216	216	2.0	0	0	Chord	4/4	1	1	1/2	1/2	1	1127	xus,									
55	55	216	216	2.0	0	0	Chord	4/4	2	1	1/2	1/2	1	1128										
55	55	218	218	2.0	1/2	1/2	Chord	4/4	2	1	1/2	1/2	1	1129	-bis:									
55	55	216	216	0.5	0	0	Chord	4/4	3	1	1/8	1/8	1	1130	---									
55	55	433/2	433/2	0.25	1/8	1/8	Chord	4/4	3	1	1/16	1/16	1	1131										
55	55	867/4	867/4	0.25	3/16	3/16	Chord	4/4	3	1	1/16	1/16	1	1132										
55	55	217	217	0.5	1/4	1/4	Chord	4/4	3	1	1/8	1/8	1	1133										
55	55	435/2	435/2	0.5	3/8	3/8	Chord	4/4	3	1	1/8	1/8	1	1134										
55	55	218	218	0.5	1/2	1/2	Chord	4/4	3	1	1/8	1/8	1	1135										
55	55	437/2	437/2	0.5	5/8	5/8	Chord	4/4	3	1	1/8	1/8	1	1136										
55	55	219	219	0.5	3/4	3/4	Chord	4/4	3	1	1/8	1/8	1	1137	-bis:									
55	55	439/2	439/2	0.5	7/8	7/8	Chord	4/4	3	1	1/8	1/8	1	1138	Sub									
55	55	216	216	0.5	0	0	Chord	4/4	4	1	1/8	1/8	1	1139										
55	55	433/2	433/2	0.25	1/8	1/8	Chord	4/4	4	1	1/16	1/16	1	1140										
55	55	867/4	867/4	0.25	3/16	3/16	Chord	4/4	4	1	1/16	1/16	1	1141										
55	55	217	217	0.5	1/4	1/4	Chord	4/4	4	1	1/8	1/8	1	1142										
55	55	435/2	435/2	0.5	3/8	3/8	Chord	4/4	4	1	1/8	1/8	1	1143										
55	55	218	218	1.0	1/2	1/2	Chord	4/4	4	1	1/4	1/4	1	1144										
55	55	219	219	1.0	3/4	3/4	Chord	4/4	4	1	1/4	1/4	1	1145										
55	55	216	216	0.5	0	0	Chord	4/4	5	1	1/8	1/8	1	1146										
55	55	433/2	433/2	0.25	1/8	1/8	Chord	4/4	5	1	1/16	1/16	1	1147										
55	55	867/4	867/4	0.25	3/16	3/16	Chord	4/4	5	1	1/16	1/16	1	1148										
55	55	217	217	0.5	1/4	1/4	Chord	4/4	5	1	1/8	1/8	1	1149										
55	55	435/2	435/2	0.5	3/8	3/8	Chord	4/4	5	1	1/8	1/8	1	1150										
55	55	218	218	1.0	1/2	1/2	Chord	4/4	5	1	1/4	1/4	1	1151										
55	55	219	219	1.0	3/4	3/4	Chord	4/4	5	1	1/4	1/4	1	1152										
56	56	223	223	1.0	3/4	3/4	Chord	4/4	1	1	1/4	1/4	1	1153	pas									
56	56	221	221	2.0	1/4	1/4	Chord	4/4	2	1	1/2	1/2	1	1154	Pas-									
56	56	223	223	1.0	3/4	3/4	Chord	4/4	2	1	1/4	1/4	1	1155	-sw									
56	56	220	220	1.5	0	0	Chord	4/4	3	1	3/8	1/4	3/2	1156	Pon-									
56	56	443/2	443/2	0.5	3/8	3/8	Chord	4/4	3	1	1/8	1/8	1	1157	-ti-									
56	56	222	222	1.0	1/2	1/2	Chord	4/4	3	1	1/4	1/4	1	1158	-o									
56	56	223	223	1.0	3/4	3/4	Chord	4/4	3	1	1/4	1/4	1	1159	Pi-									
56	56	220	220	1.5	0	0	Chord	4/4	5	1	3/8	1/4	3/2	1160										
56	56	443/2	443/2	0.5	3/8	3/8	Chord	4/4	5	1	1/8	1/8	1	1161										
56	56	222	222	1.0	1/2	1/2	Chord	4/4	5	1	1/4	1/4	1	1162										
56	56	223	223	1.0	3/4	3/4	Chord	4/4	5	1	1/4	1/4	1	1163										
57	57	224	224	1.0	0	0	Chord	4/4	1	1	1/4	1/4	1	1164										
57	57	225	225	0.5	1/4	1/4	Chord	4/4	1	1	1/8	1/8	1	1165										
57	57	451/2	451/2	0.5	3/8	3/8	Chord	4/4	1	1	1/8	1/8	1	1166										
57	57	226	226	0.5	1/2	1/2	Chord	4/4	1	1	1/8	1/8	1	1167										
57	57	453/2	453/2	0.5	5/8	5/8	Chord	4/4	1	1	1/8	1/8	1	1168										
57	57	227	227	0.5	3/4	3/4	Chord	4/4	1	1	1/8	1/8	1	1169										
57	57	455/2	455/2	0.5	7/8	7/8	Chord	4/4	1	1	1/8	1/8	1	1170										
57	57	224	224	1.0	0	0	Chord	4/4	2	1	1/4	1/4	1	1171	et									
57	57	225	225	1.0	1/4	1/4	Chord	4/4	2	1	1/4	1/4	1	1172	se-									
57	57	226	226	1.0	1/2	1/2	Chord	4/4	2	1	1/4	1/4	1	1173	-pul-									
57	57	227	227	1.0	3/4	3/4	Chord	4/4	2	1	1/4	1/4	1	1174										
57	57	224	224	0.5	0	0	Chord	4/4	3	1	1/8	1/8	1	1175	-la-									
57	57	449/2	449/2	0.5	1/8	1/8	Chord	4/4	3	1	1/8	1/8	1	1176										
57	57	225	225	2.0	1/4	1/4	Chord	4/4	3	1	1/2	1/2	1	1177										
57	57	227	227	1.0	3/4	3/4	Chord	4/4	3	1	1/4	1/4	1	1178	-to									
57	57	224	224	0.5	0	0	Chord	4/4	5	1	1/8	1/8	1	1179										
57	57	449/2	449/2	0.5	1/8	1/8	Chord	4/4	5	1	1/8	1/8	1	1180										
57	57	225	225	2.0	1/4	1/4	Chord	4/4	5	1	1/2	1/2	1	1181										
57	57	227	227	1.0	3/4	3/4	Chord	4/4	5	1	1/4	1/4	1	1182										
58	58	228	228	0.5	0	0	Chord	4/4	1	1	1/8	1/8	1	1183										
58	58	457/2	457/2	0.5	1/8	1/8	Chord	4/4	1	1	1/8	1/8	1	1184										
58	58	229	229	0.5	1/4	1/4	Chord	4/4	1	1	1/8	1/8	1	1185										
58	58	459/2	459/2	0.25	3/8	3/8	Chord	4/4	1	1	1/16	1/16	1	1186										
58	58	919/4	919/4	0.25	7/16	7/16	Chord	4/4	1	1	1/16	1/16	1	1187										
58	58	230	230	0.5	1/2	1/2	Chord	4/4	1	1	1/8	1/8	1	1188										
58	58	461/2	461/2	0.5	5/8	5/8	Chord	4/4	1	1	1/8	1/8	1	1189										
58	58	231	231	0.5	3/4	3/4	Chord	4/4	1	1	1/8	1/8	1	1190										
58	58	463/2	463/2	0.25	7/8	7/8	Chord	4/4	1	1	1/16	1/16	1	1191										
58	58	927/4	927/4	0.25	15/16	15/16	Chord	4/4	1	1	1/16	1/16	1	1192										
58	58	228	228	1.0	0	0	Chord	4/4	2	1	1/4	1/4	1	1193										
58	58	229	229	1.0	1/4	1/4	Chord	4/4	2	1	1/4	1/4	1	1194	-tus,									
58	58	230	230	2.0	1/2	1/2	Chord	4/4	2	1	1/2	1/2	1	1195	pas-									
58	58	228	228	1.0	0	0	Chord	4/4	3	1	1/4	1/4	1	1196	pas-									
58	58	229	229	2.0	1/4	1/4	Chord	4/4	3	1	1/2	1/2	1	1197										
58	58	231	231	1.0	3/4	3/4	Chord	4/4	3	1	1/4	1/4	1	1198										
58	58	231	231	1.0	3/4	3/4	Chord	4/4	4	1	1/4	1/4	1	1199										
58	58	228	228	1.0	0	0	Chord	4/4	5	1	1/4	1/4	1	1200										
58	58	229	229	2.0	1/4	1/4	Chord	4/4	5	1	1/2	1/2	1	1201										
58	58	231	231	1.0	3/4	3/4	Chord	4/4	5	1	1/4	1/4	1	1202										
59	59	232	232	0.5	0	0	Chord	4/4	1	1	1/8	1/8	1	1203										
59	59	465/2	465/2	0.5	1/8	1/8	Chord	4/4	1	1	1/8	1/8	1	1204										
59	59	233	233	1.0	1/4	1/4	Chord	4/4	1	1	1/4	1/4	1	1205										
59	59	234	234	1.5	1/2	1/2	Chord	4/4	1	1	3/8	1/4	3/2	1206										
59	59	471/2	471/2	0.5	7/8	7/8	Chord	4/4	1	1	1/8	1/8	1	1207	sus,									
59	59	232	232	1.0	0	0	Chord	4/4	2	1	1/4	1/4	1	1208	---									
59	59	233	233	1.0	1/4	1/4	Chord	4/4	2	1	1/4	1/4	1	1209										
59	59	234	234	0.5	1/2	1/2	Chord	4/4	2	1	1/8	1/8	1	1210										
59	59	469/2	469/2	0.5	5/8	5/8	Chord	4/4	2	1	1/8	1/8	1	1211										
59	59	235	235	0.5	3/4	3/4	Chord	4/4	2	1	1/8	1/8	1	1212										
59	59	471/2	471/2	0.5	7/8	7/8	Chord	4/4	2	1	1/8	1/8	1	1213										
59	59	232	232	1.0	0	0	Chord	4/4	3	1	1/4	1/4	1	1214										
59	59	233	233	2.0	1/4	1/4	Chord	4/4	3	1	1/2	1/2	1	1215										
59	59	235	235	1.0	3/4	3/4	Chord	4/4	3	1	1/4	1/4	1	1216										
59	59	232	232	1.0	0	0	Chord	4/4	4	1	1/4	1/4	1	1217										
59	59	233	233	1.0	1/4	1/4	Chord	4/4	4	1	1/4	1/4	1	1218	sw,									
59	59	234	234	1.0	1/2	1/2	Chord	4/4	4	1	1/4	1/4	1	1219	pas-									
59	59	235	235	1.0	3/4	3/4	Chord	4/4	4	1	1/4	1/4	1	1220										
59	59	232	232	1.0	0	0	Chord	4/4	5	1	1/4	1/4	1	1221										
59	59	233	233	1.0	1/4	1/4	Chord	4/4	5	1	1/4	1/4	1	1222										
59	59	234	234	1.0	1/2	1/2	Chord	4/4	5	1	1/4	1/4	1	1223										
59	59	235	235	1.0	3/4	3/4	Chord	4/4	5	1	1/4	1/4	1	1224										
60	60	236	236	1.0	0	0	Chord	4/4	1	1	1/4	1/4	1	1225	pas-									
60	60	237	237	1.0	1/4	1/4	Chord	4/4	1	1	1/4	1/4	1	1226	-sw									
60	60	238	238	2.0	1/2	1/2	Chord	4/4	1	1	1/2	1/2	1	1227	et-									
60	60	236	236	1.0	0	0	Chord	4/4	2	1	1/4	1/4	1	1228										
60	60	237	237	1.0	1/4	1/4	Chord	4/4	2	1	1/4	1/4	1	1229										
60	60	238	238	0.5	1/2	1/2	Chord	4/4	2	1	1/8	1/8	1	1230										
60	60	477/2	477/2	0.5	5/8	5/8	Chord	4/4	2	1	1/8	1/8	1	1231	---									
60	60	239	239	1.0	3/4	3/4	Chord	4/4	2	1	1/4	1/4	1	1232										
60	60	236	236	1.0	0	0	Chord	4/4	3	1	1/4	1/4	1	1233										
60	60	237	237	1.5	1/4	1/4	Chord	4/4	3	1	3/8	1/4	3/2	1234										
60	60	477/2	477/2	0.5	5/8	5/8	Chord	4/4	3	1	1/8	1/8	1	1235	-sus									
60	60	239	239	0.5	3/4	3/4	Chord	4/4	3	1	1/8	1/8	1	1236	et									
60	60	479/2	479/2	0.5	7/8	7/8	Chord	4/4	3	1	1/8	1/8	1	1237	se-									
60	60	236	236	1.0	0	0	Chord	4/4	4	1	1/4	1/4	1	1238										
60	60	237	237	1.0	1/4	1/4	Chord	4/4	4	1	1/4	1/4	1	1239										
60	60	238	238	1.5	1/2	1/2	Chord	4/4	4	1	3/8	1/4	3/2	1240										
60	60	479/2	479/2	0.5	7/8	7/8	Chord	4/4	4	1	1/8	1/8	1	1241	-sus									
60	60	236	236	1.0	0	0	Chord	4/4	5	1	1/4	1/4	1	1242										
60	60	237	237	1.0	1/4	1/4	Chord	4/4	5	1	1/4	1/4	1	1243										
60	60	238	238	2.0	1/2	1/2	Chord	4/4	5	1	1/2	1/2	1	1244										
61	61	240	240	1.0	0	0	Chord	4/4	1	1	1/4	1/4	1	1245										
61	61	241	241	1.0	1/4	1/4	Chord	4/4	1	1	1/4	1/4	1	1246	-se-									
61	61	242	242	1.5	1/2	1/2	Chord	4/4	1	1	3/8	1/4	3/2	1247	-pul-									
61	61	487/2	487/2	0.5	7/8	7/8	Chord	4/4	1	1	1/8	1/8	1	1248	-tus									
61	61	240	240	0.5	0	0	Chord	4/4	2	1	1/8	1/8	1	1249										
61	61	481/2	481/2	0.5	1/8	1/8	Chord	4/4	2	1	1/8	1/8	1	1250	-sw									
61	61	241	241	0.5	1/4	1/4	Chord	4/4	2	1	1/8	1/8	1	1251	et									
61	61	483/2	483/2	0.5	3/8	3/8	Chord	4/4	2	1	1/8	1/8	1	1252	se-									
61	61	242	242	1.5	1/2	1/2	Chord	4/4	2	1	3/8	1/4	3/2	1253	-pul-									
61	61	487/2	487/2	0.5	7/8	7/8	Chord	4/4	2	1	1/8	1/8	1	1254	-tus									
61	61	240	240	1.0	0	0	Chord	4/4	3	1	1/4	1/4	1	1255	-pul-									18
61	61	241	241	2.0	1/4	1/4	Chord	4/4	3	1	1/2	1/2	1	1256										
61	61	243	243	1.0	3/4	3/4	Chord	4/4	3	1	1/4	1/4	1	1257	-tw									
61	61	240	240	1.0	0	0	Chord	4/4	4	1	1/4	1/4	1	1258	et									
61	61	241	241	1.0	1/4	1/4	Chord	4/4	4	1	1/4	1/4	1	1259	se-									
61	61	242	242	1.5	1/2	1/2	Chord	4/4	4	1	3/8	1/4	3/2	1260	-pul-									
61	61	487/2	487/2	0.5	7/8	7/8	Chord	4/4	4	1	1/8	1/8	1	1261	-tus									
61	61	240	240	1.0	0	0	Chord	4/4	5	1	1/4	1/4	1	1262										
61	61	241	241	1.0	1/4	1/4	Chord	4/4	5	1	1/4	1/4	1	1263										
61	61	242	242	2.0	1/2	1/2	Chord	4/4	5	1	1/2	1/2	1	1264										
62	62	244	244	0.5	0	0	Chord	4/4	1	1	1/8	1/8	1	1265	est,									
62	62	489/2	489/2	0.0	1/8	1/8	Dynamic	4/4	1	1	0					p								
62	62	489/2	489/2	0.0	1/8	1/8	Tempo	4/4	1	1	0							Adagio	71.0	1.0				
62	62	489/2	489/2	1.0	1/8	1/8	Chord	4/4	1	1	1/4	1/4	1	1266	et									
62	62	491/2	491/2	0.5	3/8	3/8	Chord	4/4	1	1	1/8	1/8	1	1267	se-									
62	62	246	246	2.0	1/2	1/2	Chord	4/4	1	1	1/2	1/2	1	1268	-pul-									
62	62	244	244	1.0	0	0	Chord	4/4	2	1	1/4	1/4	1	1269	est,									
62	62	245	245	0.0	1/4	1/4	Dynamic	4/4	2	1	0					p								
62	62	245	245	2.0	1/4	1/4	Chord	4/4	2	1	1/2	1/2	1	1270	se-									
62	62	247	247	1.0	3/4	3/4	Chord	4/4	2	1	1/4	1/4	1	1271	-pul-									
62	62	244	244	1.0	0	0	Chord	4/4	3	1	1/4	1/4	1	1272	est,									
62	62	245	245	0.0	1/4	1/4	Dynamic	4/4	3	1	0					p								
62	62	245	245	1.0	1/4	1/4	Chord	4/4	3	1	1/4	1/4	1	1273	se-									
62	62	246	246	2.0	1/2	1/2	Chord	4/4	3	1	1/2	1/2	1	1274	-pul-									
62	62	244	244	1.0	0	0	Chord	4/4	4	1	1/4	1/4	1	1275	est,									
62	62	245	245	0.0	1/4	1/4	Dynamic	4/4	4	1	0					p								
62	62	245	245	1.0	1/4	1/4	Chord	4/4	4	1	1/4	1/4	1	1276	se-									
62	62	246	246	1.5	1/2	1/2	Chord	4/4	4	1	3/8	1/4	3/2	1277	-pul-									
62	62	495/2	495/2	0.5	7/8	7/8	Chord	4/4	4	1	1/8	1/8	1	1278	-tus									
62	62	244	244	4.0	0	0	Chord	4/4	5	1	1	1	1	1279										
63	63	248	248	0.0	0	0	Dynamic	4/4	1	1	0					pp								
63	63	248	248	1.0	0	0	Chord	4/4	1	1	1/4	1/4	1	1280										
63	63	249	249	0.5	1/4	1/4	Chord	4/4	1	1	1/8	1/8	1	1281	-tus									19
63	63	499/2	499/2	0.5	3/8	3/8	Chord	4/4	1	1	1/8	1/8	1	1282										
63	63	250	250	2.0	1/2	1/2	Chord	4/4	1	1	1/2	1/2	1	1283	est.									
63	63	248	248	0.0	0	0	Dynamic	4/4	2	1	0					pp								
63	63	248	248	0.5	0	0	Chord	4/4	2	1	1/8	1/8	1	1284	-tus									20
63	63	497/2	497/2	0.5	1/8	1/8	Chord	4/4	2	1	1/8	1/8	1	1285										
63	63	249	249	2.0	1/4	1/4	Chord	4/4	2	1	1/2	1/2	1	1286	est.									
63	63	248	248	0.0	0	0	Dynamic	4/4	3	1	0					pp								
63	63	248	248	1.0	0	0	Chord	4/4	3	1	1/4	1/4	1	1287										
63	63	249	249	1.0	1/4	1/4	Chord	4/4	3	1	1/4	1/4	1	1288	-tus									
63	63	250	250	2.0	1/2	1/2	Chord	4/4	3	1	1/2	1/2	1	1289	est.									
63	63	248	248	0.0	0	0	Dynamic	4/4	4	1	0					pp								
63	63	248	248	4.0	0	0	Chord	4/4	4	1	1	1	1	1290	est.									
63	63	248	248	0.0	0	0	Dynamic	4/4	5	1	0					p								
63	63	248	248	0.0	0	0	Dynamic	4/4	5	1	0					pp								
63	63	248	248	4.0	0	0	Chord	4/4	5	1	1	1	1	1291										
